					
ED3052	https://northwestern.box.com/shared/static/7g78k1nnydkfaok5k230a1korlgap91r.bam	https://northwestern.box.com/shared/static/c2zlvfi1sksadj8uv2pfyohkg7cgomxp.bai	https://northwestern.box.com/shared/static/i57xsvyc4xbm8pzq23zmrwd7iq3212xe.cram	https://northwestern.box.com/shared/static/n96jbu6htocwfg3oazgfiy0eufsgbdxg.crai	
NIC261	https://northwestern.box.com/shared/static/0bs4frradihdgmb09yceab54jkao4uvi.bam	https://northwestern.box.com/shared/static/gsmsygeiu8otupel3gsx9oidieu6vwnb.bai	https://northwestern.box.com/shared/static/lrixr6aoyuqhsadw93cp5rhkt7behch3.cram	https://northwestern.box.com/shared/static/ccz1sjkwgv4j9vv80fqtwnr0181suiq6.crai	
JU1213	https://northwestern.box.com/shared/static/boy5rb9ljt2jrq2ijz1r5y8n8ufmzuxt.bam	https://northwestern.box.com/shared/static/tusa5qmzrh4uynt1jixtif4wl4098e7m.bai	https://northwestern.box.com/shared/static/iufn0gv69vq6jmn82mi5d44ehm6ypw2x.cram	https://northwestern.box.com/shared/static/oaw9gko3bigqvmhbsrq66kxyr7494zk8.crai	
JU1212	https://northwestern.box.com/shared/static/al47hrs7de5mrav6k0kslhnmvn6cbzy4.bam	https://northwestern.box.com/shared/static/i0zmu0iiz062w5np64fbyhgjpvymo26l.bai	https://northwestern.box.com/shared/static/fm6jdhqva9j0fcv13nwkq6slo77tuis9.cram	https://northwestern.box.com/shared/static/wf1uy280m1z1pygtvuexj2uts1d8p6dz.crai	
JU258	https://northwestern.box.com/shared/static/k65aamu38geqzc9q1ec9j95jsakvg38d.bam	https://northwestern.box.com/shared/static/01lwov6t4ujdcr9nwjorx4kai3krfj9c.bai	https://northwestern.box.com/shared/static/x3mjvezr1hjy0t63bz7bfnzayczdgz95.cram	https://northwestern.box.com/shared/static/di5ro4w71qpkcr5mq0z9ts9yh2xmwttc.crai	
JU393	https://northwestern.box.com/shared/static/qgwclg45r45yks6t601okwbwj5ceo8j5.bam	https://northwestern.box.com/shared/static/26gmo6zmadx3xl17dawygp0mss92ysao.bai	https://northwestern.box.com/shared/static/j4opjxldzgz2k03ej9ep0gz1a8nhluge.cram	https://northwestern.box.com/shared/static/cbp9tkic3gbpzjl25ho9bt7c5yz8y21y.crai	
JU394	https://northwestern.box.com/shared/static/wppuddyt2y1c7jk7pi1dzdv1yr8h4q6z.bam	https://northwestern.box.com/shared/static/ymwe5euzw6cpax25z230v1f12fep76mv.bai	https://northwestern.box.com/shared/static/3gk1arji2rc45wuqr92j7fy3rbulzlse.cram	https://northwestern.box.com/shared/static/qlfikejgnfytmqijul4jm4n22q9852q5.crai	
JU397	https://northwestern.box.com/shared/static/9a6fcnicep0zolx9yhupqjkecsgj9sdu.bam	https://northwestern.box.com/shared/static/hgpneg88y3gi5af6bj8tf64171koo2ki.bai	https://northwestern.box.com/shared/static/769gytirakl452a53bfu2ix1wr68japm.cram	https://northwestern.box.com/shared/static/ok7l28lnu0pqc7q56b09z8qu0hniop4p.crai	
JU310	https://northwestern.box.com/shared/static/77owqrh4586husuby2ac03e17jyqx2gp.bam	https://northwestern.box.com/shared/static/hsd6uf2hd8bxp4v90h20gp8opdllyf0l.bai	https://northwestern.box.com/shared/static/mw2nshu6vd2ubmhj30ilr1eeruvnuvfs.cram	https://northwestern.box.com/shared/static/9pglp0m1iat4i39dka0mr582pdsc6wdt.crai	
JU311		https://northwestern.box.com/shared/static/ou4z0yuj13dnyaphvyj06zmr50sgbzv6.bai	https://northwestern.box.com/shared/static/xvoh2guc7dsytb0di95nn6ntylygn3ce.cram	https://northwestern.box.com/shared/static/gtr4wvbx8mtnfo4v72hfq4x78etmg8t2.crai	
JU312	https://northwestern.box.com/shared/static/4475f99q6phbj5k6knujfrp3tlpwydhe.bam	https://northwestern.box.com/shared/static/n4667raaev5kp2nl10nc3r2djbtv31ra.bai	https://northwestern.box.com/shared/static/48bgng880zduorxyzeuzgkbucpvvd04k.cram	https://northwestern.box.com/shared/static/j22v58zdinyb7rrszgfsr3ctgkjgi2u3.crai	
CX11307	https://northwestern.box.com/shared/static/k6ldxqx1pnoday1ja4el6zn2zlm0fzcl.bam	https://northwestern.box.com/shared/static/2knxe0m91tucqc8xpga9j4ewigqnvx6u.bai	https://northwestern.box.com/shared/static/lb0xbfgu3uy7fzdysdojvuwah1fi5l8p.cram	https://northwestern.box.com/shared/static/ofn1q1s4h165vu3jok5ucl7s3kfiwwhc.crai	
CB4858	https://northwestern.box.com/shared/static/8vnzn6hovlyodxzve2xn0n1flenlgeqm.bam	https://northwestern.box.com/shared/static/fy6dgw88mtj8zyb9imv6lurzgve3jqom.bai	https://northwestern.box.com/shared/static/lvhrj1zsu0ls7or0whky1so1uvtnc4jq.cram	https://northwestern.box.com/shared/static/82x24c2glgwxb2ssgzrwcerh4x1r5nka.crai	
PX179	https://northwestern.box.com/shared/static/nqs8oz23r2m2n55x0ex0y93i00ye8b3s.bam	https://northwestern.box.com/shared/static/xr34u66q34ysqo31nqw4ntlwxh5e6c9c.bai	https://northwestern.box.com/shared/static/2az8t1ihftmddhj28yw9un0fwc2j6ccj.cram	https://northwestern.box.com/shared/static/ihafgrh7yy4ryq0pgjr5gmoun1i34puh.crai	
PS2025	https://northwestern.box.com/shared/static/o5o0ky2ll5ukc7hnijdo4e7n8bj0brtk.bam	https://northwestern.box.com/shared/static/mawdb8j3ttx0fdfk2cknrhjr8odj6bm6.bai	https://northwestern.box.com/shared/static/46ev1v7k2fd3z3x242i1m63n0ij5li9k.cram	https://northwestern.box.com/shared/static/40owqh68eiqb515n5d4jfttb6ux2ihhj.crai	
MY1		https://northwestern.box.com/shared/static/9hhg047xzyyxfxs3i12h0dyll3up6hw0.bai	https://northwestern.box.com/shared/static/jzo17j117o5kn5u3brk7b6npptrtnwfl.cram	https://northwestern.box.com/shared/static/x1a00k7cxdxwrvufvskwfv9n6s0b0hln.crai	
CB4856		https://northwestern.box.com/shared/static/sinfk6exq5og0231b4pktj2tx8xghcit.bai	https://northwestern.box.com/shared/static/y3rl0oofojggblxsatftixhwclb7k8yg.cram	https://northwestern.box.com/shared/static/tcnrtqzznkj3luvdnoc1klug3ztb7j0j.crai	
JU751	https://northwestern.box.com/shared/static/jekm5a4u1o62io89nho4th9vba89ntau.bam	https://northwestern.box.com/shared/static/bi8pwwdy8kmplig1mci8938k1ti4fnrp.bai	https://northwestern.box.com/shared/static/2hw6yykomkmyoi95nytwhns8iw9t85ad.cram	https://northwestern.box.com/shared/static/cqdam6mdf97la2n0k1un0wge7qwm6n42.crai	
JU1581	https://northwestern.box.com/shared/static/l04gza0hr8p8qm29wcr4dgkeh6mx96a1.bam	https://northwestern.box.com/shared/static/mrdjhh9dzffpj8mjza6xgz8btc5hn3qm.bai	https://northwestern.box.com/shared/static/w5ci2xiq5ayivsbfpayavq207c3xrsgd.cram	https://northwestern.box.com/shared/static/79wndvk35ez06xl9ehgy7f9yca0a5dl2.crai	
JU1580	https://northwestern.box.com/shared/static/axsqpiib1pq896odfztrlf5l88hikun7.bam	https://northwestern.box.com/shared/static/19ep3s9d3v6tkbhbyl49rd4lyn1mrfqt.bai	https://northwestern.box.com/shared/static/77cg1q3h58tbqqljag3dy6jzz1ztszng.cram	https://northwestern.box.com/shared/static/3uo2as6xq695vtmxstcoy2lm2nk0hj6h.crai	
CB4852		https://northwestern.box.com/shared/static/5owhuj1iqiz7ti0vgk64vgglu7ga7ibt.bai	https://northwestern.box.com/shared/static/lxdn2tosn43736ao80lyguncll86fqns.cram	https://northwestern.box.com/shared/static/7e5y3yra2fqmq4w32g5wu72xbia57o7g.crai	
CB4853	https://northwestern.box.com/shared/static/3bt1c5maqyr6wpvec5yfdydy8puls5t1.bam	https://northwestern.box.com/shared/static/vekysmoopx2yy2pug86pokmat65jevg2.bai	https://northwestern.box.com/shared/static/xw2erlwwjt0904k79djw07hvfnzmlot1.cram	https://northwestern.box.com/shared/static/033wu00xg61l26qhcfcjay4wc31q7pbm.crai	
CB4851	https://northwestern.box.com/shared/static/v8p4w78liz46de0nj4rwgn1m97omvz1b.bam	https://northwestern.box.com/shared/static/4pdjbqzen7yj53off5yngykhjkc9xhwj.bai	https://northwestern.box.com/shared/static/qhj1wvt9508ctohncw2tgopir18s14q4.cram	https://northwestern.box.com/shared/static/8tstb8x8iulmkubbjx3xfodtgac0j3k8.crai	
JU406	https://northwestern.box.com/shared/static/3gz1mq06ktdjbarqrw5pskxkhbkj8qjn.bam	https://northwestern.box.com/shared/static/q33l16kfz98ke2v2omy1xkdpdov8vgu2.bai	https://northwestern.box.com/shared/static/tsw2zlclpjbwep673elqzf5wknthelm7.cram	https://northwestern.box.com/shared/static/dvnvh3quiuofr23vlnw683tuj16o3kaf.crai	
CX11254	https://northwestern.box.com/shared/static/cph999hidcjmx6fjqi1qwrikzfyknjbp.bam	https://northwestern.box.com/shared/static/lyaskgzlcltiiuqp3i8sh3jh3lmbpmnz.bai	https://northwestern.box.com/shared/static/la1ih45a4yl9vqyx7vjztm2porveo50z.cram	https://northwestern.box.com/shared/static/d83njxmge5e04ytgm7lfek64uq4scca8.crai	
CX11314	https://northwestern.box.com/shared/static/fcmx1ho841t1xm8ik0b4ligtzjl09p8v.bam	https://northwestern.box.com/shared/static/0r1x0ky0b87hbmvfgcsuurx7deu3djnr.bai	https://northwestern.box.com/shared/static/sxb8tz4lowlxncch3r3j82ulj21ruweo.cram	https://northwestern.box.com/shared/static/8zn5gc72jwk4y41l3ngd17a6ua39tp12.crai	
QG536		https://northwestern.box.com/shared/static/1x8m0bfn7qxjsv49564kfwpx2z8k3l5m.bai	https://northwestern.box.com/shared/static/3h5yxlx7atvn8z84wi6tkaopmumbgn05.cram	https://northwestern.box.com/shared/static/ku2v9suoubt84zcoetb4ixpk0udbyl8g.crai	
QX1212		https://northwestern.box.com/shared/static/0q8icc7oc2n0yxu0xdkt3tkips8hzoqm.bai	https://northwestern.box.com/shared/static/g2rjqpobvybtd190irhnxocrq0fwzk1y.cram	https://northwestern.box.com/shared/static/fmo63ttd2c4h0d3qno08xbar9qrenmdu.crai	
JU367	https://northwestern.box.com/shared/static/yb5o6yfi25dr9nr6ijh25izkrw169jfo.bam	https://northwestern.box.com/shared/static/jhn1l7jrm6yaxfnh6dl9voizsad0u3l5.bai	https://northwestern.box.com/shared/static/mcq1nq8z2mkzbjpqp792qae1xyse5hec.cram	https://northwestern.box.com/shared/static/181317ieb0qbzedut3hc3rbrfljd81io.crai	
QX1791	https://northwestern.box.com/shared/static/xo0js5tz6ueyrknn6uhcp63pnjfqwq97.bam	https://northwestern.box.com/shared/static/rlrxqrp9kt0lgloubv9kkciyb55jn0h6.bai	https://northwestern.box.com/shared/static/raim8804kqwyotjmhhto9mfcetq80893.cram	https://northwestern.box.com/shared/static/f7t6vpajpqbwos02tr8nf270631yuq4b.crai	
JU360	https://northwestern.box.com/shared/static/iojils95wyjlgl7xm0nr0b29rxfdc83h.bam	https://northwestern.box.com/shared/static/wengmt5ho7dkaefod38xbrf3x987r9zw.bai	https://northwestern.box.com/shared/static/i20e09fufi92n2s2y2poxin1b7tchfik.cram	https://northwestern.box.com/shared/static/h64i8ywpfzdgg27px21njk7eepn5nu6y.crai	
EG4946	https://northwestern.box.com/shared/static/ooo5cpln2g04mnmy27hveubv69obv818.bam	https://northwestern.box.com/shared/static/tlmewghx9p5yfhvle71q1r5lswy2g3cz.bai	https://northwestern.box.com/shared/static/1wigfphmjl3kq34mpt813gk286y26pvb.cram	https://northwestern.box.com/shared/static/m9k63kc6leid382yu7x9qyoh648kjxo7.crai	
JU561	https://northwestern.box.com/shared/static/3ni4rf36pf6juqsa7655yivrc0x73va5.bam	https://northwestern.box.com/shared/static/6rjlh4exjy1cefn7ncupju6vro8fqhhb.bai	https://northwestern.box.com/shared/static/xpv7swfepzwxks50lc7ojkqz53f787ki.cram	https://northwestern.box.com/shared/static/0osr7ur793in3o0xhduaf4onad7gmyci.crai	
CX11315	https://northwestern.box.com/shared/static/fzzhpx9ph33r1g50vsm9q19lgmx9vydl.bam	https://northwestern.box.com/shared/static/6u9rt5gkou7hzgajxw4zxp6zebhu7pt5.bai	https://northwestern.box.com/shared/static/9j72suinnn33y7sj0hhlwai9qq5vkmjz.cram	https://northwestern.box.com/shared/static/lwyctpbbth7nxnid9pk4g8v6znplqq36.crai	
NIC242	https://northwestern.box.com/shared/static/pd2li1sgjcu2ndjb5gdchfu0ny31u98l.bam	https://northwestern.box.com/shared/static/6jz8rffycwsw0utguan8jledz6nv1t6o.bai	https://northwestern.box.com/shared/static/xw0zgz61ktuq9eb7g0jpowge3wflf13f.cram	https://northwestern.box.com/shared/static/2wmy7klr70agg1b4jdmhl5mt406vfzr8.crai	
JU847	https://northwestern.box.com/shared/static/atsmkwws28p31nc2nayxixn4d1sr2t7t.bam	https://northwestern.box.com/shared/static/xfny0uc4r0dfx72li8qqili0nlyissgk.bai	https://northwestern.box.com/shared/static/q9qzxecqtvwz4symffrq60wnya0ynrp2.cram	https://northwestern.box.com/shared/static/9m3cobe981gbcpc6uxnzp16pb2upfcvc.crai	
JU1172	https://northwestern.box.com/shared/static/0msh6npev16ag2v0ywyw9mm0vi91w7x6.bam	https://northwestern.box.com/shared/static/3erqzlnuhkhdutcsanbhmq76gda12eo2.bai	https://northwestern.box.com/shared/static/mk62dnb7yiwe4ee3b3pnk87lxy2m5yv4.cram	https://northwestern.box.com/shared/static/fbdl0pco3gpby2l8zjv9gyu2plxae0cl.crai	
QX1211		https://northwestern.box.com/shared/static/th8q8o7idiwb94xvrbc8oe05fblrod7q.bai	https://northwestern.box.com/shared/static/4s16zij9um528inqgczwieyc9uiizqlu.cram	https://northwestern.box.com/shared/static/mqto7ri0hm64mvpg4yb5cvsh45hx74aj.crai	
NIC231	https://northwestern.box.com/shared/static/ei1ao5kml55phvltodtxg2yvlf0gq85d.bam	https://northwestern.box.com/shared/static/xrtcgexezyqjf6k0897g6iwsr8opoef6.bai	https://northwestern.box.com/shared/static/uzdpsmg80m1fa3nmdxl5k1snedje1bbt.cram	https://northwestern.box.com/shared/static/e2179edjrjyja80fhx7y54z114pttcub.crai	
NIC236	https://northwestern.box.com/shared/static/bj9tl5yf55k832mct9pbe07idlinuhtn.bam	https://northwestern.box.com/shared/static/2te0rx6nda9fd57ajg0njpky01apaas2.bai	https://northwestern.box.com/shared/static/d073e6eq852t40ewuxgoxjsidmic8d9r.cram	https://northwestern.box.com/shared/static/cdz4xjtdxslf96ddfpprrfln13fdvb01.crai	
NIC255	https://northwestern.box.com/shared/static/uhluywc6ivqcwkx7z0uvlyw9p1hk53do.bam	https://northwestern.box.com/shared/static/4nw4onmwwulil88rtiymxqztvywn01u4.bai	https://northwestern.box.com/shared/static/bdg34obddyodnbxj4y6mc3u85cup3e7z.cram	https://northwestern.box.com/shared/static/pafjmt2ex7s3u4uh7yaax778inve1co8.crai	
JU1652	https://northwestern.box.com/shared/static/j8ddu3r4lz7yxtbdvmzbxi65nmfx5cqy.bam	https://northwestern.box.com/shared/static/uz40c3c72qogzz4t03zu11y5nwwm62dq.bai	https://northwestern.box.com/shared/static/hle4bhobugqrcydl7hplycmv544cy115.cram	https://northwestern.box.com/shared/static/4fh0cgsg2ujy9p2xn2nxr09oo952enxb.crai	
JU1400	https://northwestern.box.com/shared/static/d5om4vbr91sa6fqa5ci8x5s5h9wsrtit.bam	https://northwestern.box.com/shared/static/xrz6tdzt6hdmx983maznst2ctv0a1j8b.bai	https://northwestern.box.com/shared/static/kydcfdfh1tfrbdjvdn7q3rn5h4m1x2l7.cram	https://northwestern.box.com/shared/static/59pmj1s995ueo6ynvc5zxx81jlulw9dt.crai	
NIC256	https://northwestern.box.com/shared/static/ywc05cmeppousi4c37qia9v7ear6zrs4.bam	https://northwestern.box.com/shared/static/iaujomiu0ato5qb9gm1450ir8ke2lukj.bai	https://northwestern.box.com/shared/static/8qyc9bi9hncasspiusaxjx0xuay6xz69.cram	https://northwestern.box.com/shared/static/epm6rjm8rwlpihem6gts0kil40vul06y.crai	
NIC251	https://northwestern.box.com/shared/static/wwhdnxvm270775939564ztvajne9h131.bam	https://northwestern.box.com/shared/static/s8hrod7vea8nsefu78ccud94zzusjuf3.bai	https://northwestern.box.com/shared/static/wp6micwz38byewpsvdxn6f1fjlzl6tnp.cram	https://northwestern.box.com/shared/static/gwaeg61o392ipa0nsdmf6loy3y47ejzm.crai	
NIC252	https://northwestern.box.com/shared/static/n8g2fr9qpu0o6x34jo7hbe37950ypv0u.bam	https://northwestern.box.com/shared/static/2jtth7eeu3g1am2fedyjojszyvrwlu78.bai	https://northwestern.box.com/shared/static/5cqlawgucto4oo5siwf7xxy1bdq83vlf.cram	https://northwestern.box.com/shared/static/7xyoifoi9e195w4p5dagjddmv6j690c5.crai	
JU1409	https://northwestern.box.com/shared/static/me0o1kksuw5biryadke74ftqz9qah47m.bam	https://northwestern.box.com/shared/static/fp6ev2f9ka2y14vud44f18jsn3zwhm4b.bai	https://northwestern.box.com/shared/static/u9fssj22o2mzvr2ptydi4czws02mlp5d.cram	https://northwestern.box.com/shared/static/crp4xsluc5cpk10pyrfyg2n5ealaujjv.crai	
NIC259	https://northwestern.box.com/shared/static/wrbfqc0m54z5rpo032pkvqdljc5pfcw5.bam	https://northwestern.box.com/shared/static/11zanadp3h5dc1iu1j372mlu5gw9wqh6.bai	https://northwestern.box.com/shared/static/acsaythqniojuy0qox5qafpwzx73psgj.cram	https://northwestern.box.com/shared/static/cvzjmv0bsyfbqga4rvf7qrb2ve7tm9kb.crai	
NIC258	https://northwestern.box.com/shared/static/uin0d315nzpgw6yvjhe9684q9egryh0c.bam	https://northwestern.box.com/shared/static/f837d3qceioo16ngv8oip9nxuffb32he.bai	https://northwestern.box.com/shared/static/p9cpqp5qdlrr49ow8f4kh4l19d9jp6ry.cram	https://northwestern.box.com/shared/static/fr8r14m7ewnf8en39a7a65bfaiudjdaz.crai	
JU1896	https://northwestern.box.com/shared/static/qsck8uys3rt3e2l5fedm2j6lgacwl39z.bam	https://northwestern.box.com/shared/static/4puuypyksy1w4tkzuxqwlejggyn31x2z.bai	https://northwestern.box.com/shared/static/6rswky3r1nujdymyeoq9vd3yd2rjziij.cram	https://northwestern.box.com/shared/static/bdzin510ucmruswh8lify4apgv6xlguu.crai	
JU1568	https://northwestern.box.com/shared/static/qfp6l1d3m3az8q3ro8anfwmn4bmt2wdc.bam	https://northwestern.box.com/shared/static/i7g9086g87vzyacsz9frgtfi6frda5ip.bai	https://northwestern.box.com/shared/static/n3sn5ldlwvwsujer2vprf4ow8mnm30tb.cram	https://northwestern.box.com/shared/static/kkr5lbsbxdn89pnnk2zpb7qtjbchl0i7.crai	
JU1088	https://northwestern.box.com/shared/static/re6fuz3pvpqys69co2a08o9rkk9qx5rd.bam	https://northwestern.box.com/shared/static/0wjxoykw7dbz12bmu3otidxix23uq2tk.bai	https://northwestern.box.com/shared/static/l0dyqhm2emgjxlyyfl7jd2stqt7sq5m5.cram	https://northwestern.box.com/shared/static/3udadjce2yq23uhyaihvxxbwu7mqyi0w.crai	
JU830	https://northwestern.box.com/shared/static/atjuaxrgkttz871s48dtm5c39drqdkd5.bam	https://northwestern.box.com/shared/static/4kwubcbanoxi0mnhb2k70z20yfrfrv8i.bai	https://northwestern.box.com/shared/static/d9z5mkozliejy1bx8sdguy3eujlw49kg.cram	https://northwestern.box.com/shared/static/n5ukkpvowptarcqbxfhrdm5fzreipjex.crai	
DL226	https://northwestern.box.com/shared/static/pdaiamx5s5c96zbedo3sx1zhgzuvnsuy.bam	https://northwestern.box.com/shared/static/6uzy9wm4wfyocbswl92oaet5o1hjjy18.bai	https://northwestern.box.com/shared/static/6kcpvecllfwulal9p99h577iu7ksxxxe.cram	https://northwestern.box.com/shared/static/c22795pg2dfblqbrfqh69vbci8pt5aa5.crai	
CX11271	https://northwestern.box.com/shared/static/2vqwf6cmaacdko2frh67fiyi5ore7hhr.bam	https://northwestern.box.com/shared/static/3uximbvnlcojqdxwygmxyk2ljbvkalhx.bai	https://northwestern.box.com/shared/static/kelqfjo9td382t6l7mi1r6499jectx3i.cram	https://northwestern.box.com/shared/static/4xjn8arm0k06u7usddjlvkw4wqxcrfr7.crai	
JU1242	https://northwestern.box.com/shared/static/862wz0yjbjsgf1fppia6idc6b2mp4j8a.bam	https://northwestern.box.com/shared/static/f2k490w4mmf5m1w609bplbk0swvd0wjs.bai	https://northwestern.box.com/shared/static/a6b33a4qqekrhlfieb4b5r9ojwdigy98.cram	https://northwestern.box.com/shared/static/n7v7kpyj9290xlgj0h2ych3e1nz61w8p.crai	
JU1246	https://northwestern.box.com/shared/static/333e2fs9yjas28cqani7ieb33uefxu6r.bam	https://northwestern.box.com/shared/static/njxl3aqqx3fj5auqsgu5azojoqdugbm9.bai	https://northwestern.box.com/shared/static/b3ishuj85cfg67qxe4omd2gkw6s7xi4k.cram	https://northwestern.box.com/shared/static/uxc5dasdn1308aql57ogzxoaw5m8q6oc.crai	
ECA36	https://northwestern.box.com/shared/static/0eb0qiu7q974lsylxwhq3mhnvfwp2oxv.bam	https://northwestern.box.com/shared/static/n15wvrtkj7hc52sgeg7ft4obsibc3ffs.bai	https://northwestern.box.com/shared/static/51uem85ap471suun6xa84pyq82kjlfug.cram	https://northwestern.box.com/shared/static/kmqpyr6uxr581t6h520zr78x89mp2n1v.crai	
MY23	https://northwestern.box.com/shared/static/mm030suiabakn0fltzmgzc4okcjh923w.bam	https://northwestern.box.com/shared/static/qqkkqr5mvvy9yp96zcqvbtrp2jeup0sa.bai	https://northwestern.box.com/shared/static/syo6ur0ff9zm8lc2nfdsbckixp3ypxyf.cram	https://northwestern.box.com/shared/static/i7yhc29wosuubhemxr2n46qsrfx5fvfv.crai	
JU346		https://northwestern.box.com/shared/static/nezyppy9vpn3p7iqty4xbdiecvcvuzed.bai	https://northwestern.box.com/shared/static/6z4ts5vhc6e6s7sporscwcdvcryy8nz1.cram	https://northwestern.box.com/shared/static/cc7mwna4gmgg1qjz38zy4e7j2qrfr7hx.crai	
JU2316	https://northwestern.box.com/shared/static/803212t4ralimuiktryll7p4vjmi8z4y.bam	https://northwestern.box.com/shared/static/cmc0wbaq4bd1bphz0fvzd6ardm1ztqq2.bai	https://northwestern.box.com/shared/static/hrbl9ihnrypbko8h1q6wmrwvbongxazn.cram	https://northwestern.box.com/shared/static/g1sbezctw2xctyw2gdyb9d1uffsza62s.crai	
ED3005	https://northwestern.box.com/shared/static/07f0iul2j3ee520r0ux1ujd3zyweg79j.bam	https://northwestern.box.com/shared/static/wxiujoqki6np2j1ae53mq8noz7bb30nv.bai	https://northwestern.box.com/shared/static/amizlppnym2lnhkx2puogps6b34gjakw.cram	https://northwestern.box.com/shared/static/8fgysk08g635c614k170j5gwioadf08d.crai	
NIC260	https://northwestern.box.com/shared/static/0nbw18qaqxv37fxfcnxppj6r9dzz1zap.bam	https://northwestern.box.com/shared/static/0twl4q9umnlanihx5gczmicmohuint5p.bai	https://northwestern.box.com/shared/static/7o8o10rlabfg0xikcjihgk1lc4kpxhm7.cram	https://northwestern.box.com/shared/static/20rbuuhqaz33avta9op2ibjns6smai7m.crai	
JU2464	https://northwestern.box.com/shared/static/aglem7lkzbafdqi3nsnmw29j42d5ye8d.bam	https://northwestern.box.com/shared/static/hzyznyg13wgqlt7b09amylfv5uviiqyo.bai	https://northwestern.box.com/shared/static/v9uu2zde3m5ykip2q0shortrj9suahel.cram	https://northwestern.box.com/shared/static/ljno4pnj2vxg67vtzyjep3tk8ttwr77r.crai	
NIC262	https://northwestern.box.com/shared/static/kcfpre2bg5baq94g2x90czfhbya4jhul.bam	https://northwestern.box.com/shared/static/smqlm9bau3hncgv3p52bf5wsf3u088xa.bai	https://northwestern.box.com/shared/static/gi1t0647nh1t7t1yjqx8bld7bq7bzkyj.cram	https://northwestern.box.com/shared/static/byjwmk0bquk31vn3tlnbwtae3akwgi4c.crai	
JU2466	https://northwestern.box.com/shared/static/z031i345g6p0bae5oytwwoys9tkunam1.bam	https://northwestern.box.com/shared/static/3iw4yuw2gy8v21ld3iri91roe9riq41q.bai	https://northwestern.box.com/shared/static/69o9xy7eay27y5jy9uyququl9jrmpxq5.cram	https://northwestern.box.com/shared/static/oeohmlv4g461aoo3b9dgeu13r2ujtzx8.crai	
NIC265	https://northwestern.box.com/shared/static/e6gl2haa7ijc3eswd4hoj9h7zng26jft.bam	https://northwestern.box.com/shared/static/h39bg51fhykbamkbupyiw3d0fdet1rmf.bai	https://northwestern.box.com/shared/static/7fu84rp0m954qgaq7lgygwgo6wbtboqm.cram	https://northwestern.box.com/shared/static/bjv6l61gfrsremj9968p6xrlht355wvb.crai	
NIC266	https://northwestern.box.com/shared/static/6fpxjp7gq7w0dzwahx0o9yu4mh0n0ani.bam	https://northwestern.box.com/shared/static/lk595wedr0r8ihemewrkucbrwmz4zjxv.bai	https://northwestern.box.com/shared/static/ytibe6q5ktp2gytd2epg7uxbr3pyzrs7.cram	https://northwestern.box.com/shared/static/2vsudrxcenz49lm135dlsvp4674tyk4z.crai	
NIC267	https://northwestern.box.com/shared/static/vtfmiahw672otsrebhtepxzqm0723n8k.bam	https://northwestern.box.com/shared/static/pp66h7n6dzy2njkypo51hl1bduoxb35k.bai	https://northwestern.box.com/shared/static/6qkiymoynxh1eqs8n6v3jccaez3n6ruw.cram	https://northwestern.box.com/shared/static/s4f4wqirai1rx0ajw0op0c52uc8v0q4y.crai	
NIC268	https://northwestern.box.com/shared/static/q2pxjoanpw2yrvvt1txrwmzjtec7u85n.bam	https://northwestern.box.com/shared/static/al4hjddbepgul3oy1ykaj593ustcrzzh.bai	https://northwestern.box.com/shared/static/yoez981ill7eibcsbhw95ob6fgzyp23j.cram	https://northwestern.box.com/shared/static/maddej278vrkentw8tcjctfy3nyas2zm.crai	
NIC269	https://northwestern.box.com/shared/static/5z6oj0w2a91wn9kjzz57esygu4cw7mdu.bam	https://northwestern.box.com/shared/static/hpyt4kn5g6vj7idupj6adfg6n76zt02m.bai	https://northwestern.box.com/shared/static/rdu1etshu2cy3kxbi5nna7zfe875fdhk.cram	https://northwestern.box.com/shared/static/hj2trqa4clj4xf9x1mfl2pzun3gk2pep.crai	
QX1792	https://northwestern.box.com/shared/static/1btz34zav4bhzh1i77382k5w5r7l9l7z.bam	https://northwestern.box.com/shared/static/4uo72ejltlx5ctt3sttc3i07pogsg8wh.bai	https://northwestern.box.com/shared/static/siailgbkvnqf9g6jkxdm668su0xzhc2j.cram	https://northwestern.box.com/shared/static/p8s0c2czxdgdngms3739s7chkuhzu0bz.crai	
QX1793	https://northwestern.box.com/shared/static/zsk12ql5hvon6a9g5b3zj93tvsv7rb69.bam	https://northwestern.box.com/shared/static/fkbfwiigjhtqidqxenj5f74rc2rbe3xk.bai	https://northwestern.box.com/shared/static/qyxmjwzxxycm9x9kkumeuhxo5k3orjux.cram	https://northwestern.box.com/shared/static/9cqc3pxat7thzb0ywjh1ujafaep9u57g.crai	
DL238	https://northwestern.box.com/shared/static/x3sb1f5xeejqmab3qt08ktj7wk4a4zak.bam	https://northwestern.box.com/shared/static/ac17g2xtpmznx3q3g6irb7eyxcqkds3x.bai	https://northwestern.box.com/shared/static/hhjyi3kncd9wl0kyc26sm2hdli5unb06.cram	https://northwestern.box.com/shared/static/p3t8iueo8086yu1fmieq08ufhkh3o4za.crai	
QW947	https://northwestern.box.com/shared/static/r0t0t3q8c9zr7km89z3nntcchao2j6ey.bam	https://northwestern.box.com/shared/static/0c44s4mbbvgd2vk14zauhj3cfz9bkhc2.bai	https://northwestern.box.com/shared/static/vwze0l94mu8fl6bjdse3zo56ugxvynfe.cram	https://northwestern.box.com/shared/static/00qb3r32vyfuwm787zl715o8ebaox6cs.crai	
QX1794	https://northwestern.box.com/shared/static/802utcglg0zullqlzehwq6mhxsezj5p4.bam	https://northwestern.box.com/shared/static/ealq9bo6nc99h0dmqs9xpppis7wmyjnf.bai	https://northwestern.box.com/shared/static/5qfzt4gbkam0wh2jw8e9aa0pfekm4bs2.cram	https://northwestern.box.com/shared/static/lqc1msj32kgfphcj48xqnpai18wvwwr6.crai	
ED3017	https://northwestern.box.com/shared/static/hjsg9u9y3n2kf3oyei1oiirwm58vs45h.bam	https://northwestern.box.com/shared/static/m9z1rrzcnvxhnigcnsbjp4559bfdqebj.bai	https://northwestern.box.com/shared/static/5k9s2urvac2fekianmbhju4dqjhnz7qn.cram	https://northwestern.box.com/shared/static/l9b4p9ni4ead7t77556zq904mvu34bf9.crai	
JU782	https://northwestern.box.com/shared/static/r8zioqsig6kkgpbwm8gv7l8bd95s0psh.bam	https://northwestern.box.com/shared/static/8ul3i0cepcw5weymrohqagnhwnm8vfsi.bai	https://northwestern.box.com/shared/static/mxcsgfpgl9j5az0wll6sxuj50ag4kumk.cram	https://northwestern.box.com/shared/static/eis06fp8i8dcyr7189w06amfnnsgl13s.crai	
KR314	https://northwestern.box.com/shared/static/w769395mva59v48pwwzjz4c2wanzmw69.bam	https://northwestern.box.com/shared/static/r7cztxqkxnisk0st0j5nlc40ej03jvh8.bai	https://northwestern.box.com/shared/static/wsykxq82o1sx2cz020dngl45sb111czn.cram	https://northwestern.box.com/shared/static/81x9ff77tekr63ibclbp5py475c3isbr.crai	
ED3012	https://northwestern.box.com/shared/static/bm6j6f5m7ruew80ihufrfc0jt65plcvz.bam	https://northwestern.box.com/shared/static/t8c0f5amxelcj4f2lvfnmagpf9vhxqnq.bai	https://northwestern.box.com/shared/static/2lnwswu0txq5zi5c0ikxb8qo5sdkkrn7.cram	https://northwestern.box.com/shared/static/rwiruqk0nm4fh1674dfwogpm33i1eco2.crai	
ED3011	https://northwestern.box.com/shared/static/4c1ql3k6pfer418qt1l64ghz0ydwwexq.bam	https://northwestern.box.com/shared/static/sswj0i1jrecxl8qisfnuss2cc3w1jawf.bai	https://northwestern.box.com/shared/static/z6l2852civsp3wv8th0c1if0dxaw817j.cram	https://northwestern.box.com/shared/static/cgc9svdcxp5p7092e26zph586n98dybq.crai	
JU1395	https://northwestern.box.com/shared/static/y5fp5q2885cws6a6jsp5q9tv1t5f3mnj.bam	https://northwestern.box.com/shared/static/1eyi7u8b9ak2znsikyfif6z55z0t07kl.bai	https://northwestern.box.com/shared/static/oudl05ku53tojmoo6ky7kh35xmb8s41f.cram	https://northwestern.box.com/shared/static/dj2sc4z70pk7o1mnvirohijm7ka1tota.crai	
JU1491	https://northwestern.box.com/shared/static/8tkvr10vwrii2udhix0y7e9qmc5ra9zl.bam	https://northwestern.box.com/shared/static/talvzj63v1ie6bw4telm5aifsygj3jls.bai	https://northwestern.box.com/shared/static/ejgg8k6u9dgwi9994y7i71h5wxv1a0ku.cram	https://northwestern.box.com/shared/static/8uzx6ns4g648mgbhv3sbrqu4lcke8pj7.crai	
CX11264	https://northwestern.box.com/shared/static/cgywl20t1acyjc3szsx20mfd6e9iqswi.bam	https://northwestern.box.com/shared/static/yiip83oromw7oygrho90q64j6k6l14es.bai	https://northwestern.box.com/shared/static/8g2j4hrz7dj0vyyj6b7ju4n3jklnvqcd.cram	https://northwestern.box.com/shared/static/30uxleu9rsgyg5o69tlzi6lounuowhk8.crai	
PB303	https://northwestern.box.com/shared/static/yik31ibj1jabguush6z8zhwsxcwi9psx.bam	https://northwestern.box.com/shared/static/6tf053lo5wkjtxlit5xfnvdmnteq70u9.bai	https://northwestern.box.com/shared/static/s517fmrovqd2c171thidpyg63zn5dtvf.cram	https://northwestern.box.com/shared/static/mw1tg7a9a3gri6veb2dw3fb76v2qw10m.crai	
CX11262	https://northwestern.box.com/shared/static/sbtwym0t1lcahq010fc5kcuhi1137ti4.bam	https://northwestern.box.com/shared/static/yifxnolvyl23h3b0kdbujj99lb2hegbg.bai	https://northwestern.box.com/shared/static/hajjkcxjlmnx7wkqnz4wq1uhrpomw5tk.cram	https://northwestern.box.com/shared/static/4xnppoe73gu4ei8mk7m7m8qhr3k5i1rx.crai	
PB306	https://northwestern.box.com/shared/static/5lt0w8c9dfknswnswk1umbq05h1nlva8.bam	https://northwestern.box.com/shared/static/r1m5ca8jc8em5q3ponskztsf2a35oql5.bai	https://northwestern.box.com/shared/static/ozb2u80n8jru0l3n8d3q9spno0yto9wt.cram	https://northwestern.box.com/shared/static/z5e8ibhoabbgdvwp4qat05f1zl5xrlik.crai	
JU2007	https://northwestern.box.com/shared/static/yxzwdq5x8qn9n7uaqfu90d59equgrnra.bam	https://northwestern.box.com/shared/static/hzjrbt2e4a1mtstu2wphtfv6fsct9wxq.bai	https://northwestern.box.com/shared/static/b82onib7wfqw4ztgncezgvrss7jnt3az.cram	https://northwestern.box.com/shared/static/c3h3xsgjewyc27lh5z1ewz03vw6iegm0.crai	
WN2002	https://northwestern.box.com/shared/static/f3mrc02kp1mz5n64x7xumi83ph08k5le.bam	https://northwestern.box.com/shared/static/ckwzrnlyoguqqjdh10fuz39tljt7xi81.bai	https://northwestern.box.com/shared/static/rncyddk2uk6jqwtcju9uohvqo27b5wlm.cram	https://northwestern.box.com/shared/static/bsizhanb268hv9njuds9e2i9p5iks85f.crai	
JU2001	https://northwestern.box.com/shared/static/jcv6y1e8pynx5oecepl6p0euxna6r2tc.bam	https://northwestern.box.com/shared/static/wgfutvawblisgv66hpnsxxvsaigsksys.bai	https://northwestern.box.com/shared/static/2zfamzgc9psof9d7g4lls12xnjc09e7j.cram	https://northwestern.box.com/shared/static/bv4ydg1uoqr0lmlv7a0czypbb48rome1.crai	
JU2519	https://northwestern.box.com/shared/static/i6in7qo2my9jtzecqw3k7zittyeoucxg.bam	https://northwestern.box.com/shared/static/0g3lr6jde9bvhufnc8kv0c3jn3m0pvoz.bai	https://northwestern.box.com/shared/static/x3bkthasd4t5p0v9lxy7v3rr0l2knr06.cram	https://northwestern.box.com/shared/static/0is87w74w2o0p3e477k09c9dh0nc9jz0.crai	
CX11292	https://northwestern.box.com/shared/static/2pd6k534vrh340kc906o0pstix8svwdm.bam	https://northwestern.box.com/shared/static/6udwch8pa7er7ydgbjyfx6jk1637y0vx.bai	https://northwestern.box.com/shared/static/2ts0jp7fuoabl0cjjnez13nmf1swpgzy.cram	https://northwestern.box.com/shared/static/yw2qvlfxjt50eh1kz6cj6ev843ygoedy.crai	
EG4347	https://northwestern.box.com/shared/static/3hrz22ovugnn7r1f7x0uu68bguvyt1xb.bam	https://northwestern.box.com/shared/static/aacuw3jz70pud9vxnyynq6ziihdnoemy.bai	https://northwestern.box.com/shared/static/ltlr2drmk3o7z0oahj2iq9i6sn6zj5ei.cram	https://northwestern.box.com/shared/static/re0g3txiw009hscgngp8ifv1rqj71ju3.crai	
WN2001		https://northwestern.box.com/shared/static/fw6p3lngfgd1u82p7idggd0xxqwcdqq9.bai		https://northwestern.box.com/shared/static/a466f01szizylui18h4vkfajxuweaq5c.crai	
JU792	https://northwestern.box.com/shared/static/jwxrpbiitlr9bxfiez9ke3bva1ybh0pr.bam	https://northwestern.box.com/shared/static/tj3epc6ctzelghkmb9c2160ca1a2j3gr.bai	https://northwestern.box.com/shared/static/95d2x54u5qgwsq4hh14u9t9r3ttz01kx.cram	https://northwestern.box.com/shared/static/2hygud552hlfhi9uywgbz21onsq54mrc.crai	
DL200	https://northwestern.box.com/shared/static/84ua9p1juifxyoviihjxjynfrqzqb9wk.bam	https://northwestern.box.com/shared/static/zg6o458c1g9wigmm7xffbw8lo1rqla3j.bai	https://northwestern.box.com/shared/static/ok5lzgnewt59ddaav79x47u7cfvrcn54.cram	https://northwestern.box.com/shared/static/3uizqt5e6qxqagwrsgepyh8ruwhv3484.crai	
NIC277	https://northwestern.box.com/shared/static/xx3s8h9dx5iqv916xf4ooj5n1yo90uok.bam	https://northwestern.box.com/shared/static/gq7gxvop0nbvpp1bj7wxdcy6ccnpwgn5.bai	https://northwestern.box.com/shared/static/yk7gafhftf62zbahca53svqz8wbbqjsn.cram	https://northwestern.box.com/shared/static/eyzwqivma7gzei7x79gzpuu4a9ld70at.crai	
NIC276	https://northwestern.box.com/shared/static/6brxtridcp7y7yzrxkle5v6w2tdfuex5.bam	https://northwestern.box.com/shared/static/fh7wz55ctwuwcxedoobyuc9wx02mbm8h.bai	https://northwestern.box.com/shared/static/cl51z3w9x7jp6n7vjk4qvt9famxzxzf4.cram	https://northwestern.box.com/shared/static/5c8ai9706lzihokzju1yqmddex5oz4j6.crai	
NIC275	https://northwestern.box.com/shared/static/uuwyt8fhmtk73uyfjqas6v79ws38eatr.bam	https://northwestern.box.com/shared/static/b4okvtzypa6upkizasgq93oadult9f6r.bai	https://northwestern.box.com/shared/static/2corz5pe8ovr9lhhthae42rlzttwsv43.cram	https://northwestern.box.com/shared/static/tklpjhvluj0kkbl6809kbkls80hwzodw.crai	
NIC274	https://northwestern.box.com/shared/static/9zj6tdewxq33l275zxw9dnwbp663xum1.bam	https://northwestern.box.com/shared/static/7ooavc7hru08l6chakzaazr79ildujln.bai	https://northwestern.box.com/shared/static/078n9stv7a8rktge8odtbkf62vx6g7up.cram	https://northwestern.box.com/shared/static/hay5tahe248b2mdpgpspidmmbb7vqkj4.crai	
EG4349	https://northwestern.box.com/shared/static/yol0i8msuf0i3ytdxgcnxd3dcclmx3r9.bam	https://northwestern.box.com/shared/static/m0iygaf67sqjgrr05bzftgnuq10twqok.bai	https://northwestern.box.com/shared/static/v4540c3fnfc2pd004lcsqmbcphviw8ia.cram	https://northwestern.box.com/shared/static/dq3x8aywn0lk7axrj92cgsthmq473vvc.crai	
NIC272	https://northwestern.box.com/shared/static/nvw08u71xl3xlkmc8zupajdpir27v69x.bam	https://northwestern.box.com/shared/static/eofxbps5tvypb9ha3zezk8ir4yjovvze.bai	https://northwestern.box.com/shared/static/skj852q06jomtykpzcgcdr7gwohd95xt.cram	https://northwestern.box.com/shared/static/lve1oxhr7o78jktk17qef50cy7o1sw2g.crai	
NIC271	https://northwestern.box.com/shared/static/t7ko0p7qhh6lgr2qzrkqznwmdsxklo9r.bam	https://northwestern.box.com/shared/static/u3jn1o6ttp0vd1cjfveamxt7zqmwk9s4.bai	https://northwestern.box.com/shared/static/d79ecygj47os513ajr3mlu8fky4vrd7h.cram	https://northwestern.box.com/shared/static/e69sd3eoik88cok3q0t7axbz2nk7ofrx.crai	
JU440	https://northwestern.box.com/shared/static/3kuv7925z3xn7to0svpfa26cvqec7da1.bam	https://northwestern.box.com/shared/static/omsmglq31xftps8ve0ht4u2lc5e8hgut.bai	https://northwestern.box.com/shared/static/7j4gwt2pc4535le8rtlp1avbd5ard6mn.cram	https://northwestern.box.com/shared/static/m6hhxvmesf7xcg77m4xnmgsc1tqrfbl1.crai	
N2	https://northwestern.box.com/shared/static/stoubn0aaltvzbpypdf6svyy0il8ywke.bam	https://northwestern.box.com/shared/static/mavra4i7w2ql5hgebl8pxhbkzuaphmik.bai	https://northwestern.box.com/shared/static/ya3t0zs621gn66jdvh0zdvl3mhnjgxq6.cram	https://northwestern.box.com/shared/static/fmbz1rdokn2d5c8e7m8wx9qcaam3ymrc.crai	
GXW1	https://northwestern.box.com/shared/static/x3gm38imuqvalyccbyyabkv9u5w4lzv0.bam	https://northwestern.box.com/shared/static/w7abjg3gp4ve76qdtvuzgc9plnuhcvhw.bai	https://northwestern.box.com/shared/static/hp28vzfy8gtn14nxavzd15qmzcv53dha.cram	https://northwestern.box.com/shared/static/j2oeipmw89mt3bfrqqize88jbhdye2tb.crai	
CX11276	https://northwestern.box.com/shared/static/hdti8lauhfg7jvs39yjsv1fbtu4go6e7.bam	https://northwestern.box.com/shared/static/rknxiuhuu52say6pyyc9qgx5ippec2cr.bai	https://northwestern.box.com/shared/static/08nxk4dkr2b3w6rbowe04870ioprlp47.cram	https://northwestern.box.com/shared/static/hi909zb2f562tfp9qqbxncqvedct9lze.crai	
EG4725	https://northwestern.box.com/shared/static/8yi8wujebfeqlw37d1bloq1wm6ij4ca6.bam	https://northwestern.box.com/shared/static/p8x6l3dukeyn757izjszh7xdjasofp5m.bai	https://northwestern.box.com/shared/static/uyks5qimt5fhj382z7zd2gjqwkqtd13j.cram	https://northwestern.box.com/shared/static/5t9i1u3r6mluccfey3l4na0zyb8bsv0j.crai	
EG4724	https://northwestern.box.com/shared/static/vb9luqev0gq1tzzflexscooa8vnirqtz.bam	https://northwestern.box.com/shared/static/hu9fgx4cx7ysfmbhz81giiptod08tagn.bai	https://northwestern.box.com/shared/static/3bkphwpo4frrrpdk1dnj15ve6x7ep1wg.cram	https://northwestern.box.com/shared/static/3nikbuflllg2fzq1t9rdtojb9gsxjzke.crai	
JU323	https://northwestern.box.com/shared/static/2tvvze9h5q2g9pnimwoialupsihflbhm.bam	https://northwestern.box.com/shared/static/xa6hnfrvz889z0pph0bodwjp3fgitnm0.bai	https://northwestern.box.com/shared/static/ptz1yxbzt2ltoegwd8mv1coe2ea6jwr2.cram	https://northwestern.box.com/shared/static/h200gj0mrxsmdzqcpfigkkrwq726f5hh.crai	
JU1530	https://northwestern.box.com/shared/static/e9ee7t4ohefk4ee4pbmsxstz95e8m60f.bam	https://northwestern.box.com/shared/static/on8op17lkhltonv7nzw2zeyrhh44jpj5.bai	https://northwestern.box.com/shared/static/7tqfj7bkr9mu21re2lixz74hdq9im2c8.cram	https://northwestern.box.com/shared/static/0mrgcko0d22c63a4z3ns0fvoilevvp62.crai	
CX11285	https://northwestern.box.com/shared/static/0wfm2qbec9nbyox44rv2aihp9vvsiu2q.bam	https://northwestern.box.com/shared/static/h3ea0f33cgaosq60x1tr7xeor0ed10q8.bai	https://northwestern.box.com/shared/static/us1fuiqt6xlvcjyittlt8uwoil3tiu9w.cram	https://northwestern.box.com/shared/static/g6a3p7mtos0vsslbslsrb7x5tm1ji51i.crai	
NIC2	https://northwestern.box.com/shared/static/gioxy54rfmtx70m0hs3a9xgh0b8qb2cx.bam	https://northwestern.box.com/shared/static/pmtf8i56zrl4ng3ydh0ktgiitykpeciq.bai	https://northwestern.box.com/shared/static/smrbfi2x47rnxqswfhxk01f77jbc1hw1.cram	https://northwestern.box.com/shared/static/h1e0jwe8hvig6mv7vrf57yan2jbjs6w8.crai	
NIC3	https://northwestern.box.com/shared/static/eyrinwns7ztec0y6q5cndyj1ruji7hm6.bam	https://northwestern.box.com/shared/static/o3dtrvjeo2t0znm2hb104avfqf7d66zm.bai		https://northwestern.box.com/shared/static/uqdlsav4ahtf1mo40lrqk0vk2t6onyex.crai	
QX1233	https://northwestern.box.com/shared/static/1svilrtpu84ukva31j7hvp2qxbjjsm92.bam	https://northwestern.box.com/shared/static/95cqxx1othm0fnruehixk3wfrsp1v91l.bai	https://northwestern.box.com/shared/static/5d5l6uv2hflr5hw5tod2p0diel6slprb.cram	https://northwestern.box.com/shared/static/7hnfucki1081hmtbrcn4gon2pv5zeqpt.crai	
NIC1	https://northwestern.box.com/shared/static/blffzqq5q46n4rkdnpyneoqkolvoda65.bam	https://northwestern.box.com/shared/static/4jvtet2ss2hrajtxnbb46okz5j7mbc4h.bai		https://northwestern.box.com/shared/static/ldilrk44i2e4h3ysek5tqmpx96k61scd.crai	
NIC207	https://northwestern.box.com/shared/static/zfiq0higz53ukv93rn2kd7i1st1ca18v.bam	https://northwestern.box.com/shared/static/paroxs6w6rn1vsbjvftrib9xasdpsqp0.bai	https://northwestern.box.com/shared/static/pv594vgflw9h5pgcwy1zg6y1b90h4w0o.cram	https://northwestern.box.com/shared/static/xkiiakwgynpxanfkyxyhd8n7wikzd57j.crai	
MY16	https://northwestern.box.com/shared/static/0kqd27cm39mzss7fft4m5ebuciiv8934.bam	https://northwestern.box.com/shared/static/j86u5l4gjgukslvlgm5634h86m6ivhwn.bai	https://northwestern.box.com/shared/static/6aouybllf5nhgot3dvkk7hjtzjcuhj5r.cram	https://northwestern.box.com/shared/static/5x3ajeb8nlwczxoybto76ubwmt6pr64f.crai	
MY10	https://northwestern.box.com/shared/static/j6kuqqd4st4agowrk31jwbodnb98o4sz.bam	https://northwestern.box.com/shared/static/xetq47q5v2qg45xfmbi196586cw7t39t.bai	https://northwestern.box.com/shared/static/8jgrfl8ah0ub2h4pov709ccieeu4ga9a.cram	https://northwestern.box.com/shared/static/10xd3y2yh8gbrcbr70pz8vcjcf7ouxh7.crai	
ED3073	https://northwestern.box.com/shared/static/8jqzkf8slyw0fcpxm3aio76cazti9t4m.bam	https://northwestern.box.com/shared/static/5xqemvtd3wocfds75lb5p555g44isyon.bai	https://northwestern.box.com/shared/static/50zm1t7qjkqlw1faxo4ouwm3althp0b9.cram	https://northwestern.box.com/shared/static/id47bfb3d0wqnc4u58vaywjy1kpbvuma.crai	
MY18	https://northwestern.box.com/shared/static/zxy08adgnghaqzrujudhvcoz52aitqxd.bam	https://northwestern.box.com/shared/static/kxhtq5pgm2xtkuncrzxy1yo907xrd2fl.bai	https://northwestern.box.com/shared/static/y3ls1tdkufhvy5oj77tsmxymvf0g7shz.cram	https://northwestern.box.com/shared/static/r8iy5ew520uo9ozrjzo49mub8pyb0ixi.crai	
ED3077	https://northwestern.box.com/shared/static/o6cbpmmwnk7lg4g5c2xb4f4pg4w6152k.bam	https://northwestern.box.com/shared/static/k7kys2umt1nwu5tfxqs96bxdy5hbe98v.bai	https://northwestern.box.com/shared/static/ll4406v1upwvlk6n1skjkscop9pnvupv.cram	https://northwestern.box.com/shared/static/imkil2cogapqm2ui3w48fni6yzcio3u9.crai	
JU642	https://northwestern.box.com/shared/static/3304ir1gfgd32fkbbmpu2skyacbs7dxl.bam	https://northwestern.box.com/shared/static/2ke75igyxzm487885vmzdm7n6nyou6nd.bai	https://northwestern.box.com/shared/static/d80n2fbb84nbf529pz7la62g1alrt65h.cram	https://northwestern.box.com/shared/static/w4yuuksu8xi6pqx89ovhkmmq9uym0ajv.crai	
AB1	https://northwestern.box.com/shared/static/y7isf0i7ax9nvtx27708epr39x91faij.bam	https://northwestern.box.com/shared/static/txlquwgibqjsbnul9gwfvykat02ttlcq.bai	https://northwestern.box.com/shared/static/xv7j3ds9vu6nx799mwhwkwdvpoby1kzu.cram	https://northwestern.box.com/shared/static/6hw8v8mm66crv2anff1fcww7iotaaxkb.crai	
AB4		https://northwestern.box.com/shared/static/7auj4g7m44tt94h46zcj2ol4i6hxl6f5.bai	https://northwestern.box.com/shared/static/g8pyl9y39v74nobz314azo27rvsessj0.cram	https://northwestern.box.com/shared/static/q1e7zzmkc8g4gv6rqza8ze8uk3ie7rp5.crai	
BRC20067	https://northwestern.box.com/shared/static/rvv4vb1xyfvxuh7yhdmxwuxaelami29i.bam	https://northwestern.box.com/shared/static/et76o63p1xgdevaixokv57y2pna6gs0d.bai	https://northwestern.box.com/shared/static/hf877seqv0v30bajbp7xv2bt91x896qa.cram	https://northwestern.box.com/shared/static/93l3l3oy2j6avck7pm4i3uyu8telkm6k.crai	
LKC34	https://northwestern.box.com/shared/static/8kzvtru3yypfrf7ek9a2f0lm1t3kljxi.bam	https://northwestern.box.com/shared/static/4vyjiq2vkf5vlldvx084i2qtowqk8acp.bai	https://northwestern.box.com/shared/static/rxc7f4v4ij9ykh4wk6hoa9eqa1lrzwpw.cram	https://northwestern.box.com/shared/static/4sr6hwj4wetd90l8jj96s944o5wdbagf.crai	
JT11398	https://northwestern.box.com/shared/static/jdevehr8bd1zfj2zq1p2z9wbj5cj97xl.bam	https://northwestern.box.com/shared/static/ch0ya0qgr8ge3g18r8bbl5e4zesq9746.bai	https://northwestern.box.com/shared/static/mir5azlicvqkofmqsogm4ftmtodueo0o.cram	https://northwestern.box.com/shared/static/z06uzeffzrg4ze9f9y8p1d8ze3kjowgn.crai	
JU2513	https://northwestern.box.com/shared/static/9k7rzdzy5g4lm1uxr9m9o63aajy02cmn.bam	https://northwestern.box.com/shared/static/5n71fsqxosnuvkq1amlsracnlskhaewh.bai	https://northwestern.box.com/shared/static/iyawt1kshoz0tad3t3xee9jcbyyb4rk7.cram	https://northwestern.box.com/shared/static/o85bzxowm0kuhkzhk0ovc90b1st1dnb2.crai	
ED3046	https://northwestern.box.com/shared/static/ajv1lj8xvku86m7vajypyaz2amfr3tco.bam	https://northwestern.box.com/shared/static/htznlq44u9f6e5jhv3zfkt123zzdioy5.bai	https://northwestern.box.com/shared/static/vpmkjilfh5572r6j03n1ori69ndsm77y.cram	https://northwestern.box.com/shared/static/i02x5l02vsp4qgvapqjwf31frcjcac1b.crai	
NIC199	https://northwestern.box.com/shared/static/u2blodrloo4uue3bql3sk7gliim41dln.bam	https://northwestern.box.com/shared/static/0au81tw02ss129t3yhbrbighej9yvok1.bai	https://northwestern.box.com/shared/static/ay9xey7j5cbsecnvgey5ir9uhd2h40q9.cram	https://northwestern.box.com/shared/static/iji93orjiqivdf5wykno00r8krarlvr8.crai	
ED3040	https://northwestern.box.com/shared/static/kkl05eqjq7ypcnvcxnc3wfs1emm9x3p2.bam	https://northwestern.box.com/shared/static/dwc9wcxfmw3qmyso2nwc9gb8tj7m9lcd.bai	https://northwestern.box.com/shared/static/ohzqmojv99rqpwq9u09e60owsb4jgdkr.cram	https://northwestern.box.com/shared/static/2lbik18swj1ng3pcl8gbtoswngswzl14.crai	
ED3048	https://northwestern.box.com/shared/static/pyz3b2w7cmlkq4d1mf8kl8qem5wlevr3.bam	https://northwestern.box.com/shared/static/5nnxfe6j4v99inprsn88kljcnr2bh8f8.bai	https://northwestern.box.com/shared/static/nv9to6v4vpdvf9s8e2gm466kzqbkppjb.cram	https://northwestern.box.com/shared/static/yjiz0j0jew5t8ou9k36fffkwiiirpgs8.crai	
ED3049	https://northwestern.box.com/shared/static/0wcgvqigm9r01ydzox44x7eacym0rub2.bam	https://northwestern.box.com/shared/static/zirxvkxpnnznlmkoq6xlnwmozddorulu.bai	https://northwestern.box.com/shared/static/piiww5n0pwzas84c06mqr2wk7zte2r8x.cram	https://northwestern.box.com/shared/static/m7gj1pqpe3kb5vmmdhpvud4z04q8skkx.crai	
NIC195		https://northwestern.box.com/shared/static/srcs9wldhjavk1z8lryf2a9ifm4o4jt2.bai	https://northwestern.box.com/shared/static/ese4c2hxz45zrfgfdvuwd7agp1lf58ef.cram	https://northwestern.box.com/shared/static/ql8tulclizfo4dry49pkj197pf9qvswx.crai	
LSJ1	https://northwestern.box.com/shared/static/9hiwfooqpfl6s6vbrp32ppny29g1g4fk.bam	https://northwestern.box.com/shared/static/xzm6eiwx5zbbq87l74ajxrm77qa5q6sl.bai	https://northwestern.box.com/shared/static/phaqj0mfl1s1sr88pqox9ys8uea459tn.cram	https://northwestern.box.com/shared/static/sk0z2uk5gbxfn630zzfn4bpax1bpiok2.crai	
JU1200	https://northwestern.box.com/shared/static/lu3y8x4xjk8okpouo09fmu8nbl70mq7k.bam	https://northwestern.box.com/shared/static/7he91twb2vl55l2qk39ojer33l9a9vm8.bai	https://northwestern.box.com/shared/static/vmzjhmgik43c38n3zncu8hr6kgkga9uj.cram	https://northwestern.box.com/shared/static/3qinau5lm8dpwug8qqqv65roaxtmw75r.crai	
CB4932	https://northwestern.box.com/shared/static/vwg9kwhvtk5u03nxq3truf708pktf64c.bam	https://northwestern.box.com/shared/static/exb55x7vqp27om7aiclb0j6mxqkxxfsr.bai	https://northwestern.box.com/shared/static/0oxoldptr3f26ojkdu46zbxe8eew5h6r.cram	https://northwestern.box.com/shared/static/4oeuc583aariad2jnhdv5edvyo1v6tui.crai	
QG557	https://northwestern.box.com/shared/static/roocwrm6gttxh3hux9x3fvan5x86lvwh.bam	https://northwestern.box.com/shared/static/03qfnq97i6wiwm1xw1czh2rh09n11rlb.bai	https://northwestern.box.com/shared/static/lmmh98v978uhugqosujit0rq6dxubr1v.cram	https://northwestern.box.com/shared/static/u91pwdtshdby3dqchza9cxmd0b5czt2q.crai	
QG556	https://northwestern.box.com/shared/static/smagb6712xxlcw64eis1mhbyplrvt4zc.bam	https://northwestern.box.com/shared/static/h3yt4r296nmmjqy6thgsvsfz5epato4b.bai	https://northwestern.box.com/shared/static/51d9sgeoarm6ic14bsjnl6brgfhncmor.cram	https://northwestern.box.com/shared/static/um6e95z6bg82hfzpbzqrjy4b6gdtut4f.crai	
JU1440	https://northwestern.box.com/shared/static/x7nvxyyiu8hk06c7usa5yojuqcofc5v9.bam	https://northwestern.box.com/shared/static/74k4ekzw7gzdf2v3gfvi8fqqzhuweh7d.bai	https://northwestern.box.com/shared/static/1lppfxnqvm7l7qime91rgbmvgwbqdq97.cram	https://northwestern.box.com/shared/static/05rb8fyng8bc1hcezje3xpifxqmychjb.crai	
NIC166	https://northwestern.box.com/shared/static/f85bq6tmkdhhzqycqdgpupvcfogzehyh.bam	https://northwestern.box.com/shared/static/um3laboyc2f4152xpkgrace49rpfgg1j.bai	https://northwestern.box.com/shared/static/63ygz0khlj30s8rsqtlf6ygckwztke6x.cram	https://northwestern.box.com/shared/static/1itmzwjhwvq2zmqktt2jw2yxbb6ogewd.crai	
JU778	https://northwestern.box.com/shared/static/k1hqpe0kocb456f8ejj7m1ke4d0pbqni.bam	https://northwestern.box.com/shared/static/c5hwxw57xxwg8pfo2kszayw9ire0rk02.bai	https://northwestern.box.com/shared/static/7isgambzj7d5byusftovgphugvu6f5vj.cram	https://northwestern.box.com/shared/static/79glojytq7krtverax7qo47gs7lpik6z.crai	
CB4857	https://northwestern.box.com/shared/static/opew6u2jleq1aoziuynoc1jjpiujhf3z.bam	https://northwestern.box.com/shared/static/3x282ld84pp5zoza42aq1vdlk2fb2cw2.bai	https://northwestern.box.com/shared/static/r8jql9dk27dew76l9gdtgycnjm7k8adj.cram	https://northwestern.box.com/shared/static/8xz19u7fm31w9g6ln2oyc9stpqzsifhd.crai	
RC301	https://northwestern.box.com/shared/static/kdpldgj09skogz804z4mgozxlncsed5d.bam	https://northwestern.box.com/shared/static/u4yys0iwqg10kol7bt85qaloy0en82hb.bai	https://northwestern.box.com/shared/static/kbionnd4zzqp3ryhfl00owz0zoye7vx7.cram	https://northwestern.box.com/shared/static/9c93ttnhchoe31yoicdbsu27el5r95mu.crai	
CB4854	https://northwestern.box.com/shared/static/pi5tqodx15qpo1fnz9k5py2onw2ftjxp.bam	https://northwestern.box.com/shared/static/21b3xju8k62nwpd9qxh3g4nbzkk4hqox.bai	https://northwestern.box.com/shared/static/mx5fvnafvyub5w2j90foxnau4vq4pouq.cram	https://northwestern.box.com/shared/static/arnvfp6egy42rakya034qp7v47bcte1b.crai	
JU774	https://northwestern.box.com/shared/static/0r9xm170s4k9uvv4h9dfa3z4iuovxybe.bam	https://northwestern.box.com/shared/static/g23fxc5m8ecm3newkeubqkr43lud6gr3.bai	https://northwestern.box.com/shared/static/sncf6ksys4n7hyhcvyyqt5vxtcfq2uk1.cram	https://northwestern.box.com/shared/static/q84l0bxmw1ztf1zj6vo2mc85c16lejp7.crai	
JU775	https://northwestern.box.com/shared/static/fc69cuv4vaam6zs9pf4ntb7pspugayfs.bam	https://northwestern.box.com/shared/static/24nlz5sege2j7agpr2ev7ca3mbkszi56.bai	https://northwestern.box.com/shared/static/gjcvl86lac62gg2j62vjr3w8rkcgx5gi.cram	https://northwestern.box.com/shared/static/0jw3954hmvbb8rfft8s9u6q88zp11dlt.crai	
JU2526	https://northwestern.box.com/shared/static/3z543k358qwhqtg14gkvtc9rzdkjwz58.bam	https://northwestern.box.com/shared/static/tp4775zzwi2mxv71chmu1ll117l1g13h.bai	https://northwestern.box.com/shared/static/t8pqj7kyv79ojnf52m3bcn0hd5xfi9dc.cram	https://northwestern.box.com/shared/static/xpdf7z4ld60azh2b45ena27ym398d70h.crai	
CB4855	https://northwestern.box.com/shared/static/z1egvo5nw3om1difkltih2etnu5zvhiy.bam	https://northwestern.box.com/shared/static/q7fpm5954kspcjdgpozz2nlkvvy3mfg6.bai	https://northwestern.box.com/shared/static/sog1n1ttfqp4y6u92p5jqnxl0amxc80d.cram	https://northwestern.box.com/shared/static/e2kzp7k72tnnqg6ec10773u6cklxvffx.crai	
JU2522	https://northwestern.box.com/shared/static/g3kcgly3nx3cq7bpghntwgyhuf0xix1x.bam	https://northwestern.box.com/shared/static/5zyavbbfh2kt0rwjkkrbctcl3tdyzuhb.bai	https://northwestern.box.com/shared/static/74erty8nbfiymt4su036gozzb85e43ap.cram	https://northwestern.box.com/shared/static/994jrrga6dus24gumf12rix3jpra66ve.crai	
QG2075	https://northwestern.box.com/shared/static/85xljkxuogq0f94epf0xpt9d3wrzjzi8.bam	https://northwestern.box.com/shared/static/e31u2jex28dz9wq4ep032riskh47k18o.bai	https://northwestern.box.com/shared/static/bk6w417wcoyprip99lcgswuqbqmelart.cram	https://northwestern.box.com/shared/static/3czwlfxz9wjntiylh27d0krce2pvjp1p.crai	
JU1586	https://northwestern.box.com/shared/static/idnno0mzx8hzj6v8tkljzdju5guc8skn.bam	https://northwestern.box.com/shared/static/dlim5bbi4xv9phfvhl4po6dm06ep3w19.bai	https://northwestern.box.com/shared/static/tz55zc8b88befpnrildaqrb1l0qarpxg.cram	https://northwestern.box.com/shared/static/svc56xellnp9b014htakjiviovipyhdy.crai	
