strain	longitude	latitude	isolation	location
NIC1	5.3543	43.279	rotting fruit	Marseille, France
NIC2	5.3543	43.279	rotting plant	Marseille, France
NIC3	5.3215	43.3636	rotting figs	Marseille, France
NIC4	5.3215	43.3636	rotting figs	Marseille, France
NIC166	6.89775	46.72722	immature prunes	Canton of Vaud, Switzerland
NIC195	-28.37322	38.545874	apple	Santa Aana, Azores
NIC196	-28.20149	38.4716405	grapes	Pranhia, Azores
NIC197	-28.25165	38.39682	apple	Poco dos Patas, Azores
NIC198	-31.23849	39.4364016	humus	Poco dos Patas, Azores
NIC199	-25.19929	37.745428	humus	Faial da Terra, Azores
NIC200	-25.66489	37.74942	unknown fruit	Ponta Delgada, Azores
NIC207	7.24045	43.720505	rotting oranges	Nice, France
NIC231	7.24045	43.720505	rotting oranges	Nice, France
NIC232	7.24045	43.720505	rotting oranges	Nice, France
NIC236	-9.313417	39.242006	rotting fruit	Lourinha, Portugal
NIC237	-9.313417	39.242006	rotting fruit	Lourinha, Portugal
QG556	-119.702021	34.421629	rotting orange peel, with snails	Santa Barbara, CA
QG557	-119.702021	34.421629	rotting orange peel, with snails	Santa Barbara, CA
QG558	-119.702021	34.421629	rotting orange peel, with snails	Santa Barbara, CA
CX11271	-118.12532	34.13712	compost	Los Angeles, USA
CX11285	-118.05496	34.14331	compost	Los Angeles, USA
DL200	38.74	9.03		Addis Ababa, Ethiopia
JU1896	23.749673	37.999722	rotten olives	Athens, Greece
ECA259	NA	NA	from a snail from Connecticut Valley Biological Supply	NA
EG4347	-123.07108	44.04789	NA	Eugene, USA
MY1	7.31	52.54		Lingen, Germany
MY23	7.53	51.96		Roxel, Germany
JU258	-16.89	32.73	along a path through an orchard	Ribeiro Frio, Madeira
DL238	-155.82	19.22		Manuka, HI
LKC34	46	-18		Unknown city, Madagascar
LSJ1	-2.59	51.45	mushroom compost	Bristol, United Kingdom
JU1200	-4.6	55.577	compost	Dundonald, United Kingdom
ED3011	-3.19	55.92	NA	Edinburgh, Scotland
EG4946	-111.82184	40.72596	NA	Salt Lake City, USA
JU363	2.23	48.98	Compost heap in Claude Pieau's garden	Francoville, France
ED3073	36.39	-1.05		Limuru, Kenya
JT11398	-122.275484	47.763944	Worm bin fed kitchen scraps and espresso grounds	Lake Forest Park, USA
JU1586	1.06	46.63	rotting grape puree	Le Blanc, France
JU830	9.05	48.52	compost	Tubingen, Germany
JU847	7.461	48.46	compost from vegetable garden/vineyards	Obernai, France
JU1212	-3.81	48.71	rotting arum stem	Primel Tregastel, France
ECA258	NA	NA	from a snail from Connecticut Valley Biological Supply	NA
AB1	138.59	-34.93	NA	Adelaide, Australia
ED3052	19.19	-33.22		Ceres, South Africa
ED3077	NA	NA		Nairobi, Kenya
JU360	2.23	48.98	Compost heap in Claude Pieau's garden	Francoville, France
JU1530	2.1725	48.7015	rotting apple	Orsay, France
JU1652	-56.19	-34.86	compost	Montevideo, Uruguay
JU2007	-1.3	50.6	rotting apple	Cowes, Isle of Wight, UK
AB4	138.59	-34.93		Adelaide, Australia
ECA248	-122.14	37.44	compost	Palo Alto, USA
CB4932	-3.1	51.02	mushroom farm	Taunton, United Kingdom
CX11276	-118.21198	34.20111		Los Angeles, USA
DL226	-123.2821	44.5633		Corvalis, USA
ED3017	-3.19	55.92		Edinburgh, Scotland
ED3046	19.19	-33.22		Ceres, South Africa
ED3048	19.19	-33.22		Ceres, South Africa
EG4349	-111.87316	40.771467		Salt Lake City, USA
EG4725	-8.347617	41.628771		Amares, Portugal
JU315	4.4	44.2	pomatias elegans (?) snails	Merlet, France
JU346	4.4	44.2	 From a Glomeris myriapod in the compost pile	Merlet, France
JU367	2.23	48.98	Compost heap in Claude Pieau's garden	Francoville, France
JU393	-0.32	49.28	compost	Hermanville, France
JU440	1.56	48.715	compost	Beauchene, France
JU561	-3.81	48.71	Isolated from a sowbug found in the tub of compost from Hent ar Rhun, Finistere, France	Sainte-Barbe, France
JU782	-9.1503	38.7191	botanical gardens	Lisbon, Portugal
JU1172	-73.04	-36.87	compost with rotting tomatoes	Concepcion, Chile
JU1516	2.1725	48.7015	rotting apple	Orsay, France
JU1580	2.1725	48.7015	rotting apple	Orsay, France
JU1242	1.9595	49.1269	black slug	Santeuil, France
JU1246	1.96152	49.12618	rotting apple	Santeuil, France
KR314	-123.13	49.28		Vancouver, Canada
MY10	7.53	51.96		Roxel, Germany
MY16	7.57	51.93		Mecklenbeck, Germany
PB303	NA	NA	came from a snail from Ward's Biological Supply	NA
PS2025	-118.13	34.19	garden	Altadena, USA
QG537	-122.4331	37.7502	rotten solanaceous fruit, Buena Vista Park	San Francisco, USA
QG538	-122.4331	37.7502	rotten solanaceous fruit, Buena Vista Park	San Francisco, USA
QX1211	-122.4331	37.7502	rotting orange	San Francisco, USA
QX1791	-156.3935	20.6344	rotting bark, base of eucalyptus tree	Maui, USA
QX1792	-156.35475	20.70554	rotting orange flowers	Maui, USA
ECA243	0.48	44.85	NA	Bergerac, France
ECA246	-118.131	34.189	organic garden	Altadena, USA
CB4854	-118.131	34.189	vegetable garden	Altadena, USA
CB4856	-157.86	21.33	pineapple field	Oahu, Hawaii
CX11307	-118.10987	34.12946	Huntington Gardens	Los Angeles, USA
CX11315	-118.10987	34.12946	Huntington Gardens	Los Angeles, USA
ED3005	-3.36	55.94		Edinburgh, United Kingdom
ED3012	-3.19	55.92		Edinburgh, Scotland
ED3040	28.01	-26.1		Johannesburg, South Africa
ED3049	19.19	-33.22		Ceres, South Africa
EG4724	-8.347617	41.628771		Amares, Portugal
GXW1	114.419828	30.542889	soil under kiwi fruit in botanical garden	Wuhan City, China
JU310	1.06	46.63	vegetable garden	Le Blanc, France
JU311	4.4	44.42	wash from snails from under a tree of ivy	Merlet, France
JU323	4.4	44.42	From a helix snail #3 on the trunk of a mulberry tree	Merlet, France
JU397	-0.32	49.28	compost	Hermanville, France
JU406	-0.32	49.28	compost	Hermanville, France
JU642	2.5	48.84	Isolated from the compost heap in Jean-Antoine Lepesants garden	Le Perreux-sur-Marne, France
JU751	2.5	48.44	Isolated from the compost heap in Jean-Antoine Lepesants garden	Le Perreux-sur-Marne, France
JU774	-9.34	38.683	garden garbage	Carcavelos, Portugal
JU775	-9.1486	38.7175	botanical gardens	Lisbon, Portugal
JU792	0.24	43.06	compost	Frechendets, France
JU1213	-3.81	48.71	rotting apple	Primel Tregastel, France
JU1395	0.04619	47.2199	compost with shiitake mushrooms	Saut-aux-Loups, France
JU1400	-5.988	37.3845	rotting oranges	Sevilla, Spain
JU1409	-5.637	37.468	rotting cactus fruit	Carmona, Spain
JU1440	2.15231	41.41307	rotting palm fruits	Barcelona, Spain
JU1491	1.06	46.63	rotting arum stem	Le Blanc, France
JU1568	2.3862	48.8092	rotting Petasites stem	Ivry-sur-Seine, France
JU1581	2.1725	48.7015	rotting apple	Orsay, France
JU2001	55.5	-21.1		La Reunion
MY18	7.53	51.96		Roxel, Germany
ECA253	-2.59	51.45	mushroom compost	Bristol, United Kingdom
PX179	-123.058	44.035	snail from under a rock in the rhododendron garden	Eugene, USA
QX1212	-122.4331	37.7502	rotting orange	San Francisco, USA
QX1213	-122.4331	37.7502	rotting orange	San Francisco, USA
QX1214	-122.4331	37.7502	rotting orange	San Francisco, USA
QX1215	-122.4331	37.7502	rotting orange	San Francisco, USA
QX1794	-156.35678	20.70559	Wilma's vermiculate compost bin	Maui, USA
RC301	7.84	47.99		Freiburg, Germany
WN2001	6.303406	51.954422	snail from organic waste bin	Doetichem, Netherlands
CB4852	NA	NA		Unknown
ECA250	-117.719	34.096	rotting mushroom	Claremont, USA
ECA247	-122.13	37.43	compost	Palo Alto, USA
CX11254	-118.30582	34.13531		Los Angeles, USA
CX11292	-118.30582	34.13531		Los Angeles, USA
CX11314	-118.10987	34.12946		Los Angeles, USA
CX11262	-118.10987	34.12946		Los Angeles, USA
ECA249	-117.719	34.096		Claremont, USA
CX11264	-118.10987	34.12946		Los Angeles, USA
QG536	-122.4331	37.7502		San Francisco, USA
ECA244	0.48	44.85		Bergerac, France
ECA251	-118.1	34.1		Pasadena, USA
ECA245	-118.131	34.189	vegetable garden	Altadena, USA
QX1216	-122.4331	37.7502	rotting orange	San Francisco, USA
QX1233	-122.2838	37.8804	isolated from Jason Stajich	Berkeley, USA
WN2002	5.694834	51.975285		Wageningen, Netherlands
QX1793	-156.35678	20.70559	Wilma's vermiculate compost bin	Maui, USA
ECA252	-118.1	34.1	flowerbed	Pasadena, USA
JU1088	138.0149	34.7613	soil in the Kacho-en aviary	Kakegawa, Japan
N2	-2.59	51.45	mushroom compost	Bristol, United Kingdom
ECA254	-2.59	51.45	mushroom compost	Bristol, United Kingdom
WN2010	6.303406	51.954422	snail from organic waste bin	Doetichem, Netherlands
WN2011	6.303406	51.954422	snail from organic waste bin	Doetichem, Netherlands
WN2013	6.303406	51.954422	snail from organic waste bin	Doetichem, Netherlands
WN2014	6.303406	51.954422	snail from organic waste bin	Doetichem, Netherlands
WN2016	6.303406	51.954422	snail from organic waste bin	Doetichem, Netherlands
WN2017	6.303406	51.954422	snail from organic waste bin	Doetichem, Netherlands
WN2018	6.303406	51.954422	snail from organic waste bin	Doetichem, Netherlands
WN2019	6.303406	51.954422	snail from organic waste bin	Doetichem, Netherlands
WN2020	6.303406	51.954422	snail from organic waste bin	Doetichem, Netherlands
WN2021	6.303406	51.954422	snail from organic waste bin	Doetichem, Netherlands
JU778	-9.1491	38.719	botanical gardens	Lisbon, Portugal
JU394	-0.32	49.28	compost	Hermanville, France
JT11362	-122.275484	47.763944	Worm bin w kitchen scraps and espresso grounds	Lake Forest Park, USA
QX1792 #2	-156.35475	20.70554	rotting orange flowers	Maui, USA
QX1791 #2	-156.3935	20.6344	rotting bark, base of eucalyptus tree	Maui, USA
QX1794 #2	-156.35678	20.70559	Wilma's vermiculate compost bin	Maui, USA
QX1793 #2	-156.35678	20.70559	Wilma's vermiculate compost bin	Maui, USA
QG537 #2	NA	NA		San Francisco, USA
QG538 #2	NA	NA		San Francisco, USA
QG536 #2	NA	NA		San Francisco, USA
QG558 #2	-119.702021	34.421629	rotting orange beneath a non-edible fig tree; orange had large snail and two slugs	Santa Barbara, USA
QG2075	-83.376	33.951	store-bought mushrooms in a mushroom-feeding Drosophila vial	Athens, Georgia, USA
JU2464	-72.525	-13.155	fleshy fruit; rotten berry?	Aguas Calientes, Peru
JU2466	-72.266	-13.257	lemon	Ollantaytambo, Peru
JU2467	-72.525	-13.155	fleshy fruit; rotten berry?	Aguas Calientes, Peru
JU2468	-72.525	-13.155	fleshy fruit; rotten berry?	Aguas Calientes, Peru
QW947	-70.6106	-33.4213	compost heap with moist rotting grass (urban park) at Univerisdad Mayor, Camino la Piramide	Santiago, Chile
NIC255	7.266779	43.714834	isolated from a rotting orange trap (trap set date: 10.27.2012)	Parc Valrose
NIC256	-9.14875	38.71829	fruits palm tree (olive size) ;Botanical garden	Lisbon, Portugal
NIC267	-9.31592	38.69237	Orange fruits ;Jardim do Palacio do Marques de Pombal	Oeiras, Portugal
NIC277	7.266138	43.716441	Isolated from rotting orange (trap); trap set on 2012-11-27	Parc Valrose
NIC258	-9.14875	38.71829	fruits palm tree (large) ;Botanical garden	Lisbon, Portugal
NIC260	-9.14875	38.71829	fruits, osage orange (Maclura pomifera ;Botanical garden	Lisbon, Portugal
NIC262	-9.14875	38.71829	Strelitzia flower (inside) ;Botanical garden,	Lisbon, Portugal
NIC263	-9.14875	38.71829	fruits palm tree (olive size) ;Botanical garden	Lisbon, Portugal
NIC268	-9.31592	38.69237	Orange fruits ;Jardim do Palacio do Marques de Pombal	Oeiras, Portugal
NIC270	-9.14875	38.69237	Orange fruits, litter, humus ;Jardim do Palacio do Marques de Pombal	Oeiras, Portugal
NIC271	-9.31592	38.69237	Magnolia fruits (woody) ;Jardim do Palacio do Marques de Pombal	Oeiras, Portugal
NIC275	-8.756356	39.769459	chestnuts, husks ;Garden,old farmhouse,	Alqueidao da Boavista, Portugal
NIC276	-8.756356	39.769459	Kaki fruit remains, litter, (under Kaki tree) ;Garden,old farmhouse,	Alqueidao da Boavista, Portugal
NIC251	28.151364	38.66621	Rotting yellow berries from shrub. 	Ribeira do Nabo, Urzelina, S. Jorge, Azores
NIC252	-28.147949	38.661313	Rotting fruit (?) from Camelia.	Ribeira do Nabo, Urzelina, S. Jorge, Azores
NIC261	-9.14875	38.71829	fruits, Silene sp.? ;Botanical garden,	Lisbon, Portugal
NIC265	-9.14875	38.71829	flowers, fruits, humus sample ;Botanical garden	Lisbon, Portugal
NIC273	-8.756356	39.769459	litter, walnuts, isopods ;Garden,old farmhouse	Alqueidao da Boavista, Portugal
NIC269	-9.31592	38.69237	Orange fruits ;Jardim do Palacio do Marques de Pombal	Oeiras, Portugal
NIC272	-8.756356	39.769459	litter, walnuts, isopods ;Garden,old farmhouse	Alqueidao da Boavista, Portugal
JU2513	22.0736	38.26016	rotting orange	Aigio, Greece
NIC259	-9.14875	38.71829	fruits, Opuntia-like plant ;Botanical garden	Lisbon, Portugal
NIC274	-8.756356	39.769459	figs, litter ;Garden,old farmhouse	Alqueidao da Boavista, Portugal
NIC242	-9.31609	38.691765	Isolated at IGC	Oeiras, Portugal
NIC266	-9.31592	38.69237	flowers (grapes) from tree ;Jardim do Palacio do Marques de Pombal	Oeiras, Portugal
BRC20067	121.169736	24.072954	unknown orangish-yellowish colored fruit	near Hehuanshan and W LIng in China
ECA257	NA	NA	NA	NA
ECA260	-157.86	21.33	pineapple field	NA
CB4856 (CGC #2) - DO NOT USE!!!!!!!!!	-157.86	21.33	pineapple field	NA
JU2316	-9.1486	38.7175	Isolated from rotten Ficus macrophylla fruits; botanical gardens	Lisbon, Portugal
JU2519	-9.1486	38.7175	Isolated from rotten Ficus isophlebia fruits; botanical gardens	Lisbon, Portugal
JU2522	-9.1486	38.7175	Isolated from rotten fruits of Harpephyllum caffrum (Anacardiaceae); botanical gardens	Lisbon, Portugal
JU2526	-9.1486	38.7175	Isolated from rotten fruits of Chrysophyllum imperiale; botanical gardens	Lisbon, Portugal
ECA36	174.745529	-36.893333	garden grass	Auckland, New Zealand
LSJ2	-2.59	51.45	mushroom compost	Bristol, United Kingdom
JU2574	76.975	8.4	solated from rotting stems (banana stems?)	Kovalam (Kerala, India)
CB4856 (CGC #3)	-157.86	21.33	pineapple field	Oahu, Hawaii
ECA255	-2.59	51.45	mushroom compost	Bristol, United Kingdom
JU2016	-122.463177	37.757593	rotten pumpkin	San Francisco, USA
JU2017	-122.463177	37.757593	rotten sweet potato	San Francisco, USA
JU2131	-4.705	48.0497	rotting Heracleum stem	Baie des Trepasses (Finistere), France
JU2250	-1.891389	48.285278	apple	Cardroc (Ile et Vilaine, France)
JU2460	-3.9251	48.6934	rotting cabbage leaves	Ile Callot (Finistere, France)
JU2461	-69.289488	-12.801653	rotting carambola	Madre de Dios (Peru)
JU2478	4.351	50.85	Denis Thieffry's compost heap	Brussels, Belgium
JU2575	3.0707	49.0857	rotting Heracleum stem	Crouy-sur-Ourcq (Seine-et-Marne), France
JU2619			compost	Arizona
ECA189	155.2225	19.423889	next to a yacon plant	Near Volcano National Park
ECA190	155.2225	19.423889	next to a yacon plant	Near Volcano National Park
ECA191	155.221944	19.424167	rotting ginger heap	Near Volcano National Park
ECA192	155.221944	19.424444	garden trash pile by road	Near Volcano National Park
ECA193	155.221944	19.424444	garden trash pile by road	Near Volcano National Park
JU312	4.407923	44.421936	Wash from snail tube - snails coming from under a tree full of ivy	Merlet, Lagorce (Ardeche), France
JU345	4.407923	44.421936	Glomeris myriapod in the compost pile (same myriapod as JU343, JU344, JU346)	Merlet, Lagorce (Ardeche), France
JU1395	0.045399	47.22032	shiitake mushroom compost remains outside the mushroom farm Le Saut-aux-Loups,	Montsoreau, France
JU1530MAF	2.2131	48.662134	rotting apple O21 (tree Wealthy, like O20), sampled in the Orsay orchard	Orsay, France
JU1656	-3.972104	48.725018	rotting fern stem (Pteridium aquilinum	Sainte-Barbe (Finistere), France
JU1666	-3.972104	48.725018	rotting sloe	Sainte-Barbe (Finistere), France
JU1762	-3.790033	48.695548	rotting Heracleum stem	Plougasnou, Finistere, France
JU1770	-3.790033	48.695548	rotting fern stem	Plougasnou, Finistere, France
JU1792	1.064289	46.63278	rotting Arum stem sampled in woods	le Blanc (Indre), France
JU1793	1.95114	49.12604	rotting Heracleum stem	Santeuil (Val d'Oise), France
JU1807	2.2131	48.662134	rotting apple O145 (Kidd's Orange)	Orsay, France
JU1808	2.395372	48.81257	Helix aspersa snail	Ivry (Val-de-Marne), Franc
JU1893	2.2131	48.662134	rotting apple	Orsay, France
JU1920	1.95114	49.12604	rotting Heracleum stem S60	Santeuil (Val d'Oise), France
JU1922	1.95114	49.12604	rotting Heracleum stem S68	Santeuil (Val d'Oise), France
JU1924	1.95114	49.12604	rotting Heracleum stem S73	Santeuil (Val d'Oise), France
JU1929	1.95114	49.12604	rotting Heracleum stem S86	Santeuil (Val d'Oise), France
JU1934	1.95114	49.12604	rotting Heracleum stem S106	Santeuil (Val d'Oise), France
JU1960	-118.131319	34.18973	compost in the same garden in Altadena as PS2025	Altadena, CA
JU2106	0.239824	43.606266	compost heap	 Frechendets (Hautes Pyrenees)
JU2139	1.064289	46.63278	 rotting acorns sampled in woods	le Blanc (Indre), France
JU2141	1.064289	46.63278	rotting walnuts (outer layer)	le Blanc (Indre), France
JU2151	1.95114	49.12604	rotting Heracleum stem S173	Santeuil (Val d'Oise), France
JU2234	-1.583	47.227	rotten plum	Nantes, France
JU2257	1.064289	46.63278	compost (in container) sampled in the garden in le Blan	le Blanc (Indre), France
JU2287	1.064289	46.63278	compost (in container) sampled in the garden in le Blan	le Blanc (Indre), France
JU2527	-3.5999	47.8797	rotten apples 	Mellac (Finistere), France
JU2534	0.097087	49.357921	 cherry	
JU2565	1.066213	44.958394	rotting figs	Perigord, France
JU2566	2.44599	48.83886	rotting Gunnera stems in the Parc Floral	Vincennes, France
JU2570	-0.2685	46.2657	rotting walnuts	Niort, Mougon, Deux Sevres, France
JU2572	2.395372	48.81257	 rotting Petasites stems	Ivry (Val-de-Marne), Franc
JU2576	3.072	49.0861	rotting stem	Crouy-sur-Ourcq (Seine-et-Marne), France
JU2578	2.4315	48.87613	compost in the jardin partage in Bagnolet	Bagnolet (Seine-Sainte-Denis), France
JU2581	1.064289	46.63278	pears sampled in the garden in Le Blanc	le Blanc (Indre), France
JU2586	2.159459	48.497005	rotting pear	Chatou (Yvelines, France)
JU2587	3.872016	45.026713	compost	Vals-pres-Le-Puy (Haute-Loire), France
JU2592	-2.403836	48.628558	rotting peach	Plurien (Cotes d'Armor, France)
JU2593	2.222334	48.822556	compost	Hauts de Seine, France
JU2600	1.9496	49.1242	rotting apple across the river from the station	Santeuil(Val d'Oise), France,
JU2604	1.86175	49.16477	rotting walnut	Nucourt (Val d'Oise), France.
JU2605	1.86	49.166	rotting apple 	Nucourt (Val d'Oise), France.
JU2610	1.7915	49.1075	rotting apple 	Arthies and Wy-di-tJoli-Village (Val d'Oise), France
JU2611	5.0628	43.8658	rotting apple (same apple as JU2616)	South of Isle-sur-Sorgue (Vaucluse), France
JU2771	0.991728	47.410058	rotting stems sampled in the park of Chateau du Clos Luce	Amboise, Indre-et-Loire, France
JU2800			rotting pear	Cachan, France
JU2802	2.14167	48.9067	rotting rhubarb stems in a private garden of Montesson	Yvelines, France
JU2811	151.219453	-33.8632	rotting ficus fruit collected in the Royal Botanical Garden, Sydney	Sydney, Australia
JU2825	2.3862	48.8092	otting Petasites stem	Ivry-sur-Seine (Val de Marne)
JU2828	1.064289	46.63278	rotting pears	le Blanc (Indre), France
JU2829	1.064289	46.63278	rotting pears	le Blanc (Indre), France
JU2830	1.064289	46.63278	rotting pears	le Blanc (Indre), France
JU2838	-97.98832	20.205961	rotten orange	Tenango, Puebla, Mexico
JU2841			slug	New Zealand
NIC501	2.2675	48.77302	Apples	Parc de la Vallee aux Loups, Chatenay-Malabry, France
NIC508	14.261756	40.86183	Magnolia flowers	Botanical garden, Naples, Italy
NIC511	14.2623855	40.8625	Citrus fruits	Botanical garden, Naples, Italy
NIC512	14.2623855	40.8625	Citrus fruits	Botanical garden, Naples, Italy
NIC513	-9.167136	38.776038	Olives	Parque Botanico do Monteiro-Mor, Lisbon, Portugal
NIC514	-9.167136	38.776038	Olives	Parque Botanico do Monteiro-Mor, Lisbon, Portugal
NIC515	-9.165884	38.776775	Apples	Parque Botanico do Monteiro-Mor, Lisbon, Portugal
NIC521	-6.304441	36.535679	Small woody fruits, humus	Cadiz, Spain
NIC522	-6.304441	36.535679	Citrus fruit	Cadiz, Spain
NIC523	-6.29831	36.535679	Ficus fruits woody, humus	Cadiz, Spain
NIC526	-6.304441	36.535679	Fruit shells, woody	Cadiz, Spain
NIC527	-6.304441	36.535679	Citrus fruit	Cadiz, Spain
NIC528	-6.29831	36.535679	Orange 	Cadiz, Spain
NIC529	-4.784967	37.870754	Olives, litter, humus	Cordoba, Spain
NIC1049	1.45032	43.593561	Compost fresh	Botanical garden, Toulouse, France
NIC1107	7.266935	43.716278	Gingko fruits	Parc Valrose, Nice, France
XZ1513	-156.67	22.1	rotten small red berries	Pu'u Hinahina lookout on Kauai
XZ1514	-159.6	22.1	rotten small fruit (papaya or mango?)	Awa'awapuhi trail on Kauai
XZ1515	-159.6	22.1	rotten small berries	Awa'awapuhi trail on Kauai
XZ1516	-159.6	22.1	rotten small berries	Awa'awapuhi trail on Kauai
JU2853	-7.545	41.19	soil from a plant pot	Pinhao, Portugal
JU2860	0.115365	52.19842	rotting wood, fungus, rotting leaf sample	Coe Fen meadow, Cambridge (UK)
JU2862	0.1264	52.1944	rotting flowers of Napoleona vogelli in the heated greenhouse	Botanic Garden, Cambridge (UK).
BRC20113	121.283056	24.124167	fruit	Nantou, Taiwan
BRC20231	120.908112	23.541517	flower (on tree, rotting)	Nantou, Taiwan
BRC20263	151.2069889	-33.86748611		Sydney, Australia
JU2866	-118.4409	34.0751	unidentified rotting fruit, Murphy Sculpture Garden, UCLA Campus	Los Angeles, CA, USA
JU2878	-99.098769	19.29732	rotten berry sampled in a greenhouse	Cuemanco-Xochimilco, Mexico
JU2879	-99.098769	19.29732	rotten apple sampled in a greenhouse	Cuemanco-Xochimilco, Mexico
ECA274	-2.59	51.45	mushroom compost	Bristol, United Kingdom
MY2001	7.536628	51.950777	Isopod	Private garden, Roxel, Nordrhein-Westfalen, Germany
MY2004	7.536628	51.950777	compost heap	Private garden, Roxel, Nordrhein-Westfalen, Germany
MY2011	7.536628	51.950777	compost heap	Private garden, Roxel, Nordrhein-Westfalen, Germany
MY2014	7.536628	51.950777	brown slug	Private garden, Roxel, Nordrhein-Westfalen, Germany
MY2022	10.117737	54.346355	Isopod	Botanical Garden, Kiel, Schleswig-Holstein, Germany
MY2024	10.117737	54.346355	brown slug	Botanical Garden, Kiel, Schleswig-Holstein, Germany
MY2042	10.117737	54.346355	compost heap	Botanical Garden, Kiel, Schleswig-Holstein, Germany
MY2054	7.536628	51.950777	Isopod	Private garden, Roxel, Nordrhein-Westfalen, Germany
MY2078	10.117737	54.346355	compost heap	Botanical Garden, Kiel, Schleswig-Holstein, Germany
MY2097	10.117737	54.346355	brown slug	Botanical Garden, Kiel, Schleswig-Holstein, Germany
MY2099	10.117737	54.346355	Isopod	Botanical Garden, Kiel, Schleswig-Holstein, Germany
MY2109	10.117737	54.346355	compost heap	Botanical Garden, Kiel, Schleswig-Holstein, Germany
MY2121	7.536628	51.950777	compost heap	Private garden, Roxel, Nordrhein-Westfalen, Germany
MY2137	7.536628	51.950777	compost heap	Private garden, Roxel, Nordrhein-Westfalen, Germany
MY2138	10.117737	54.346355	brown slug	Botanical Garden, Kiel, Schleswig-Holstein, Germany
MY2142	7.599099	51.950723	Isopod	Farming museum, Muenster, Nordrhein-Westfalen, Germany
MY2143	10.117737	54.346355	compost heap	Botanical Garden, Kiel, Schleswig-Holstein, Germany
MY2144	7.599099	51.950723	rotting apple compost	Farming museum, Muenster, Nordrhein-Westfalen, Germany
MY2147	10.117737	54.346355	compost heap	Botanical Garden, Kiel, Schleswig-Holstein, Germany
MY2198	7.599099	51.950723	compost heap	Farming museum, Muenster, Nordrhein-Westfalen, Germany
MY2199	7.536628	51.950777	compost heap	Private garden, Roxel, Nordrhein-Westfalen, Germany
MY2208	10.117737	54.346355	Isopod	Botanical Garden, Kiel, Schleswig-Holstein, Germany
MY2212	10.117737	54.346355	Isopod	Botanical Garden, Kiel, Schleswig-Holstein, Germany
MY2224	10.117737	54.346355	Isopod	Botanical Garden, Kiel, Schleswig-Holstein, Germany
MY2239	10.117737	54.346355	Isopod	Botanical Garden, Kiel, Schleswig-Holstein, Germany
MY2282	7.599099	51.950723	compost heap	Farming museum, Muenster, Nordrhein-Westfalen, Germany
MY2288	7.536628	51.950777	compost heap	Private garden, Roxel, Nordrhein-Westfalen, Germany
MY2291	10.117737	54.346355	compost heap	Botanical Garden, Kiel, Schleswig-Holstein, Germany
MY2294	7.599099	51.950723	rotting apple compost	Farming museum, Muenster, Nordrhein-Westfalen, Germany
MY2338	7.599099	51.950723	rotting apple compost	Farming museum, Muenster, Nordrhein-Westfalen, Germany
MY2339	7.536628	51.950777	compost heap	Private garden, Roxel, Nordrhein-Westfalen, Germany
MY2344	7.599099	51.950723	compost heap	Farming museum, Muenster, Nordrhein-Westfalen, Germany
MY2347	10.117737	54.346355	compost heap	Botanical Garden, Kiel, Schleswig-Holstein, Germany
MY2373	10.117737	54.346355	Isopod	Botanical Garden, Kiel, Schleswig-Holstein, Germany
MY2406	10.117737	54.346355	rotting apple compost	Botanical Garden, Kiel, Schleswig-Holstein, Germany
MY2434	7.599099	51.950723	compost heap	Farming museum, Muenster, Nordrhein-Westfalen, Germany
MY2443	7.599099	51.950723	rotting apple compost	Farming museum, Muenster, Nordrhein-Westfalen, Germany
MY2453	7.536628	51.950777	compost heap	Private garden, Roxel, Nordrhein-Westfalen, Germany
MY2479	10.117737	54.346355	compost heap	Botanical Garden, Kiel, Schleswig-Holstein, Germany
MY2481	10.117737	54.346355	compost heap	Botanical Garden, Kiel, Schleswig-Holstein, Germany
MY2491	7.599099	51.950723	compost heap	Farming museum, Muenster, Nordrhein-Westfalen, Germany
MY2502	7.536628	51.950777	compost heap	Private garden, Roxel, Nordrhein-Westfalen, Germany
MY2530	10.117737	54.346355	compost heap	Botanical Garden, Kiel, Schleswig-Holstein, Germany
MY2532	10.117737	54.346355	compost heap	Botanical Garden, Kiel, Schleswig-Holstein, Germany
MY2535	7.599099	51.950723	compost heap	Farming museum, Muenster, Nordrhein-Westfalen, Germany
MY2541	7.536628	51.950777	compost heap	Private garden, Roxel, Nordrhein-Westfalen, Germany
MY2573	7.599099	51.950723	compost heap	Farming museum, Muenster, Nordrhein-Westfalen, Germany
MY2579	7.536628	51.950777	compost heap	Private garden, Roxel, Nordrhein-Westfalen, Germany
MY2585	10.117737	54.346355	compost heap	Botanical Garden, Kiel, Schleswig-Holstein, Germany
MY2622	10.11505	54.3491	myriapod	Botanical garden, Kiel, Germany
MY2630	10.11505	54.3491	isopod	Botanical garden, Kiel, Germany
MY2635	10.11505	54.3491	isopod	Botanical garden, Kiel, Germany
MY2636	10.11505	54.3491	myriapod	Botanical garden, Kiel, Germany
MY2640	10.11505	54.3491	slug	Botanical garden, Kiel, Germany
MY2679	10.11505	54.3491	isopod	Botanical garden, Kiel, Germany
MY2682	10.11505	54.3491	invertebrate	Botanical garden, Kiel, Germany
MY2684	10.11505	54.3491	slug	Botanical garden, Kiel, Germany
MY2685	10.11505	54.3491	isopod Oniscus asellus	Botanical garden, Kiel, Germany
MY2688	10.11505	54.3491	slug	Botanical garden, Kiel, Germany
MY2689	10.11505	54.3491	chilopod	Botanical garden, Kiel, Germany
MY2691	10.11505	54.3491	isopod	Botanical garden, Kiel, Germany
MY2692	10.11505	54.3491	isopod	Botanical garden, Kiel, Germany
MY2693	10.11505	54.3491	slug	Botanical garden, Kiel, Germany
MY2713	10.11505	54.3491	isopod Oniscus asellus	Botanical garden, Kiel, Germany
MY2719	10.11505	54.3491	chilopod	Botanical garden, Kiel, Germany
MY2741	10.11505	54.3491	slug	Botanical garden, Kiel, Germany
MY508	7.536628	51.950777	compost heap	Private garden, Roxel, Nordrhein-Westfalen, Germany
MY518	7.611719	51.964154	compost heap	Botanical garden, Muenster, Nordrhein-Westfalen, Germany
MY524	7.536628	51.950777	compost heap	Private garden, Roxel, Nordrhein-Westfalen, Germany
MY538	10.117737	54.346355	brown slug	Botanical Garden, Kiel, Schleswig-Holstein, Germany
MY559	7.599099	51.950723	brown slug	Farming museum, Muenster, Nordrhein-Westfalen, Germany
MY561	7.536628	51.950777	compost heap	Private garden, Roxel, Nordrhein-Westfalen, Germany
MY564	7.536628	51.950777	compost heap	Private garden, Roxel, Nordrhein-Westfalen, Germany
MY570	7.536628	51.950777	brown slug	Private garden, Roxel, Nordrhein-Westfalen, Germany
MY579	7.599099	51.950723	compost heap	Farming museum, Muenster, Nordrhein-Westfalen, Germany
MY589	10.117737	54.346355	compost heap	Botanical Garden, Kiel, Schleswig-Holstein, Germany
MY673	10.117737	54.346355	compost heap	Botanical Garden, Kiel, Schleswig-Holstein, Germany
MY679	10.117737	54.346355	compost heap	Botanical Garden, Kiel, Schleswig-Holstein, Germany
MY684	10.117737	54.346355	compost heap	Botanical Garden, Kiel, Schleswig-Holstein, Germany
MY710	7.599099	51.950723	compost heap	Farming museum, Muenster, Nordrhein-Westfalen, Germany
MY713	7.536628	51.950777	compost heap	Private garden, Roxel, Nordrhein-Westfalen, Germany
MY741	10.117737	54.346355	compost heap	Botanical Garden, Kiel, Schleswig-Holstein, Germany
MY772	10.117737	54.346355	compost heap	Botanical Garden, Kiel, Schleswig-Holstein, Germany
MY795	10.117737	54.346355	compost heap	Botanical Garden, Kiel, Schleswig-Holstein, Germany
MY803	10.117737	54.346355	compost heap	Botanical Garden, Kiel, Schleswig-Holstein, Germany
MY804	7.599099	51.950723	compost heap	Farming museum, Muenster, Nordrhein-Westfalen, Germany
MY819	7.536628	51.950777	compost heap	Private garden, Roxel, Nordrhein-Westfalen, Germany
MY864	7.599099	51.950723	compost heap	Farming museum, Muenster, Nordrhein-Westfalen, Germany
MY881	7.599099	51.950723	compost heap	Farming museum, Muenster, Nordrhein-Westfalen, Germany
MY882	10.117737	54.346355	compost heap	Botanical Garden, Kiel, Schleswig-Holstein, Germany
MY887	10.117737	54.346355	compost heap	Botanical Garden, Kiel, Schleswig-Holstein, Germany
MY904	7.536628	51.950777	compost heap	Private garden, Roxel, Nordrhein-Westfalen, Germany
MY920	10.117737	54.346355	compost heap	Botanical Garden, Kiel, Schleswig-Holstein, Germany
MY934	7.599099	51.950723	compost heap	Farming museum, Muenster, Nordrhein-Westfalen, Germany
MY965	7.536628	51.950777	compost heap	Private garden, Roxel, Nordrhein-Westfalen, Germany
MY990	10.117737	54.346355	compost heap	Botanical Garden, Kiel, Schleswig-Holstein, Germany
MY991	10.117737	54.346355	compost heap	Botanical Garden, Kiel, Schleswig-Holstein, Germany
MY792	7.536628	51.950777	compost heap	Private garden, Roxel, Nordrhein-Westfalen, Germany
MY2050	7.536628	51.950777	compost heap	Private garden, Roxel, Nordrhein-Westfalen, Germany
MY2051	7.536628	51.950777	compost heap	Private garden, Roxel, Nordrhein-Westfalen, Germany
MY2623	10.11505	54.3491	slug	Botanical garden, Kiel, Germany
MY2649	10.11505	54.3491	myriapod	Botanical garden, Kiel, Germany
MY2681	10.11505	54.3491	myriapod	Botanical garden, Kiel, Germany